Workbook

Sheet Decade1
A4: DEPARTEMENTS | B4: LOCALITES | C4: HAUTEURS JOURNALIERES DE PLUIE : 1ère DECADE DE AOUT 2025
C6: 1 | D6: 2 | E6: 3 | F6: 4 | G6: 5 | H6: 6 | I6: 7 | J6: 8 | K6: 9 | L6: 10 | M6: NbJP<0 | N6: NbJP ˃ 20mm | O6: Max | P6: Total
A7: ATLANTIQUE-LITTORAL | B7: Agonkanmey | M7: =COUNTIF(C7:L7,">0") -> 0 | N7: =COUNTIF(C7:L7,">20") -> 0 | O7: =MAX(C7:L7) -> 0 | P7: =SUM(C7:L7) -> 0
B8: Cotonou-Aéro | I8: 1.7 | M8: =COUNTIF(C8:L8,">0") -> 1 | N8: =COUNTIF(C8:L8,">20") -> 0 | O8: =MAX(C8:L8) -> 1.7 | P8: =SUM(C8:L8) -> 1.7
B9: Cotonou C. Central | C9: 0 | D9: 0 | E9: 0 | F9: 0 | G9: 0 | H9: 2.2 | I9: 0 | J9: 0 | K9: 0 | L9: 0 | M9: =COUNTIF(C9:L9,">0") -> 1 | N9: =COUNTIF(C9:L9,">20") -> 0 | O9: =MAX(C9:L9) -> 2.2 | P9: =SUM(C9:L9) -> 2.2
B10: Cotonou-Ville | M10: =COUNTIF(C10:L10,">0") -> 0 | N10: =COUNTIF(C10:L10,">20") -> 0 | O10: =MAX(C10:L10) -> 0 | P10: =SUM(C10:L10) -> 0
B11: Cotonou-Port | M11: =COUNTIF(C11:L11,">0") -> 0 | N11: =COUNTIF(C11:L11,">20") -> 0 | O11: =MAX(C11:L11) -> 0 | P11: =SUM(C11:L11) -> 0
B12: Cotonou-Akpakpa | M12: =COUNTIF(C12:L12,">0") -> 0 | N12: =COUNTIF(C12:L12,">20") -> 0 | O12: =MAX(C12:L12) -> 0 | P12: =SUM(C12:L12) -> 0
B13: Cotonou ste Cécile | C13: 0 | D13: 0 | E13: 0 | F13: 0 | G13: 0 | H13: 0 | I13: 0 | J13: 0 | K13: 0 | L13: 0 | M13: =COUNTIF(C13:L13,">0") -> 0 | N13: =COUNTIF(C13:L13,">20") -> 0 | O13: =MAX(C13:L13) -> 0 | P13: =SUM(C13:L13) -> 0
B14: Akossombo | M14: =COUNTIF(C14:L14,">0") -> 0 | N14: =COUNTIF(C14:L14,">20") -> 0 | O14: =MAX(C14:L14) -> 0 | P14: =SUM(C14:L14) -> 0
B15: Allada | M15: =COUNTIF(C15:L15,">0") -> 0 | N15: =COUNTIF(C15:L15,">20") -> 0 | O15: =MAX(C15:L15) -> 0 | P15: =SUM(C15:L15) -> 0
B16: Niaouli | C16: 0 | D16: 0 | E16: 0 | F16: 0 | G16: 0 | H16: 0 | I16: 0 | J16: 0 | K16: 0 | L16: 0 | M16: =COUNTIF(C16:L16,">0") -> 0 | N16: =COUNTIF(C16:L16,">20") -> 0 | O16: =MAX(C16:L16) -> 0 | P16: =SUM(C16:L16) -> 0
B17: Ouidah nord | C17: 0 | D17: 0 | E17: 0 | F17: 0 | G17: 0 | H17: 0 | I17: 0 | J17: 0 | K17: 0 | L17: 0 | M17: =COUNTIF(C17:L17,">0") -> 0 | N17: =COUNTIF(C17:L17,">20") -> 0 | O17: =MAX(C17:L17) -> 0 | P17: =SUM(C17:L17) -> 0
B18: Ouidah ville | C18: 0 | D18: 0 | E18: 0 | F18: 0 | G18: 0 | H18: 0 | I18: 0 | J18: 0 | K18: 0 | L18: 0 | M18: =COUNTIF(C18:L18,">0") -> 0 | N18: =COUNTIF(C18:L18,">20") -> 0 | O18: =MAX(C18:L18) -> 0 | P18: =SUM(C18:L18) -> 0
B19: Sékou | M19: =COUNTIF(C19:L19,">0") -> 0 | N19: =COUNTIF(C19:L19,">20") -> 0 | O19: =MAX(C19:L19) -> 0 | P19: =SUM(C19:L19) -> 0
B20: Toffo | M20: =COUNTIF(C20:L20,">0") -> 0 | N20: =COUNTIF(C20:L20,">20") -> 0 | O20: =MAX(C20:L20) -> 0 | P20: =SUM(C20:L20) -> 0
B21: Soava Ounmè | C21: 0 | D21: 0 | E21: 0 | F21: 0 | G21: 0 | H21: 0 | I21: 0 | J21: 0 | K21: 0 | L21: 0 | M21: =COUNTIF(C21:L21,">0") -> 0 | N21: =COUNTIF(C21:L21,">20") -> 0 | O21: =MAX(C21:L21) -> 0 | P21: =SUM(C21:L21) -> 0
A28: DEPARTEMENTS | B28: LOCALITES | C28: =C4 -> HAUTEURS JOURNALIERES DE PLUIE : 1ère DECADE DE AOUT 2025
C30: 1 | D30: 2 | E30: 3 | F30: 4 | G30: 5 | H30: 6 | I30: 7 | J30: 8 | K30: 9 | L30: 10 | M30: NbJP | N30: NbJP ˃ 20mm | O30: Max | P30: Total
A31: ATACORA-DONGA | B31: Birni | M31: =COUNTIF(C31:L31,">0") -> 0 | N31: =COUNTIF(C31:L31,">20") -> 0 | O31: =MAX(C31:L31) -> 0 | P31: =SUM(C31:L31) -> 0
B32: Boukoumbé | C32: 7.6 | D32: 24 | G32: 22.5 | H32: 0.4 | J32: 62.8 | M32: =COUNTIF(C32:L32,">0") -> 5 | N32: =COUNTIF(C32:L32,">20") -> 3 | O32: =MAX(C32:L32) -> 62.8 | P32: =SUM(C32:L32) -> 117.3
B33: Dassari | M33: =COUNTIF(C33:L33,">0") -> 0 | N33: =COUNTIF(C33:L33,">20") -> 0 | O33: =MAX(C33:L33) -> 0 | P33: =SUM(C33:L33) -> 0
B34: Kérou | C34: 13 | D34: 3.7 | E34: 7.7 | G34: 11 | I34: 15 | J34: 19.2 | K34: 10 | M34: =COUNTIF(C34:L34,">0") -> 7 | N34: =COUNTIF(C34:L34,">20") -> 0 | O34: =MAX(C34:L34) -> 19.2 | P34: =SUM(C34:L34) -> 79.6
B35: Kouandé | M35: =COUNTIF(C35:L35,">0") -> 0 | N35: =COUNTIF(C35:L35,">20") -> 0 | O35: =MAX(C35:L35) -> 0 | P35: =SUM(C35:L35) -> 0
B36: Matéri | C36: 54.6 | F36: 17.7 | G36: 39.4 | H36: 22.1 | I36: 42.2 | M36: =COUNTIF(C36:L36,">0") -> 5 | N36: =COUNTIF(C36:L36,">20") -> 4 | O36: =MAX(C36:L36) -> 54.6 | P36: =SUM(C36:L36) -> 176
B37: Natitingou | C37: 11 | D37: 122 | E37: 0 | F37: 1 | G37: 20.2 | I37: 6.5 | J37: 19.6 | M37: =COUNTIF(C37:L37,">0") -> 6 | N37: =COUNTIF(C37:L37,">20") -> 2 | O37: =MAX(C37:L37) -> 122 | P37: =SUM(C37:L37) -> 180.3
B38: Porga | M38: =COUNTIF(C38:L38,">0") -> 0 | N38: =COUNTIF(C38:L38,">20") -> 0 | O38: =MAX(C38:L38) -> 0 | P38: =SUM(C38:L38) -> 0
B39: Tanguiéta | M39: =COUNTIF(C39:L39,">0") -> 0 | N39: =COUNTIF(C39:L39,">20") -> 0 | O39: =MAX(C39:L39) -> 0 | P39: =SUM(C39:L39) -> 0
B40: Péhunco | C40: 8.5 | D40: 4.3 | E40: 19.6 | G40: 4.9 | L40: 12.8 | M40: =COUNTIF(C40:L40,">0") -> 5 | N40: =COUNTIF(C40:L40,">20") -> 0 | O40: =MAX(C40:L40) -> 19.6 | P40: =SUM(C40:L40) -> 50.1
B41: Natitingou-ville | M41: =COUNTIF(C41:L41,">0") -> 0 | N41: =COUNTIF(C41:L41,">20") -> 0 | O41: =MAX(C41:L41) -> 0 | P41: =SUM(C41:L41) -> 0
B42: Bassila | C42: 64 | D42: 2 | G42: 7.6 | K42: 16 | M42: =COUNTIF(C42:L42,">0") -> 4 | N42: =COUNTIF(C42:L42,">20") -> 1 | O42: =MAX(C42:L42) -> 64 | P42: =SUM(C42:L42) -> 89.6
B43: Djougou | C43: 21.5 | D43: 11 | F43: 11 | G43: 27.4 | I43: 4.9 | J43: 1.7 | M43: =COUNTIF(C43:L43,">0") -> 6 | N43: =COUNTIF(C43:L43,">20") -> 2 | O43: =MAX(C43:L43) -> 27.4 | P43: =SUM(C43:L43) -> 77.5
B44: Copargo | C44: 7.9 | D44: 20.2 | E44: 6.6 | F44: 5 | G44: 20.7 | I44: 4.8 | J44: T | K44: T | M44: =COUNTIF(C44:L44,">0") -> 6 | N44: =COUNTIF(C44:L44,">20") -> 2 | O44: =MAX(C44:L44) -> 20.7 | P44: =SUM(C44:L44) -> 65.2
B45: Partago | M45: =COUNTIF(C45:L45,">0") -> 0 | N45: =COUNTIF(C45:L45,">20") -> 0 | O45: =MAX(C45:L45) -> 0 | P45: =SUM(C45:L45) -> 0
B46: Pénessoulou | C46: 1.7 | D46: 24.5 | E46: 0.7 | F46: 2.5 | G46: 14.5 | M46: =COUNTIF(C46:L46,">0") -> 5 | N46: =COUNTIF(C46:L46,">20") -> 1 | O46: =MAX(C46:L46) -> 24.5 | P46: =SUM(C46:L46) -> 43.9
B47: Sémèrè | M47: =COUNTIF(C47:L47,">0") -> 0 | N47: =COUNTIF(C47:L47,">20") -> 0 | O47: =MAX(C47:L47) -> 0 | P47: =SUM(C47:L47) -> 0
A52: DEPARTEMENTS | B52: LOCALITES | C52: =C4 -> HAUTEURS JOURNALIERES DE PLUIE : 1ère DECADE DE AOUT 2025
C54: 1 | D54: 2 | E54: 3 | F54: 4 | G54: 5 | H54: 6 | I54: 7 | J54: 8 | K54: 9 | L54: 10 | M54: NbJP | N54: NbJP ˃ 20mm | O54: Max | P54: Total
A55: BORGOU-ALIBORI | B55: Alfakoara | C55: 0 | D55: 0 | E55: 0 | F55: 0 | G55: 0 | H55: 0 | I55: 0 | J55: 0 | K55: 0 | L55: 0 | M55: =COUNTIF(C55:L55,">0") -> 0 | N55: =COUNTIF(C55:L55,">20") -> 0 | O55: =MAX(C55:L55) -> 0 | P55: =SUM(C55:L55) -> 0
B56: Banikoara | C56: 0 | D56: 22.1 | E56: 32.3 | F56: 0 | G56: 0 | H56: 14.8 | I56: 0 | J56: 0 | K56: 49.8 | L56: 0 | M56: =COUNTIF(C56:L56,">0") -> 4 | N56: =COUNTIF(C56:L56,">20") -> 3 | O56: =MAX(C56:L56) -> 49.8 | P56: =SUM(C56:L56) -> 119
B57: Bodjecali | C57: 0 | D57: 4.1 | E57: 0 | F57: 0 | G57: 0 | H57: 0 | I57: 0 | J57: 39 | K57: 0 | L57: 0 | M57: =COUNTIF(C57:L57,">0") -> 2 | N57: =COUNTIF(C57:L57,">20") -> 1 | O57: =MAX(C57:L57) -> 39 | P57: =SUM(C57:L57) -> 43.1
B58: Founougo | C58: 12.4 | D58: 17.9 | E58: 10.5 | F58: 0 | G58: 7.7 | H58: 0 | I58: 0 | J58: 28.7 | K58: 0 | L58: 0 | M58: =COUNTIF(C58:L58,">0") -> 5 | N58: =COUNTIF(C58:L58,">20") -> 1 | O58: =MAX(C58:L58) -> 28.7 | P58: =SUM(C58:L58) -> 77.2
B59: Guéné | C59: 0 | D59: 0 | E59: 0 | F59: 0 | G59: 0 | H59: 0 | I59: 0 | J59: 62.3 | K59: 0 | L59: 0 | M59: =COUNTIF(C59:L59,">0") -> 1 | N59: =COUNTIF(C59:L59,">20") -> 1 | O59: =MAX(C59:L59) -> 62.3 | P59: =SUM(C59:L59) -> 62.3
B60: Kandi | C60: 21.8 | D60: 17.5 | E60: 0 | F60: 0 | G60: 7 | H60: 0 | I60: 0 | J60: 43.8 | K60: 0 | L60: 0 | M60: =COUNTIF(C60:L60,">0") -> 4 | N60: =COUNTIF(C60:L60,">20") -> 2 | O60: =MAX(C60:L60) -> 43.8 | P60: =SUM(C60:L60) -> 90.1
B61: Karimama | C61: 0 | D61: 0 | E61: 0 | F61: 0 | G61: 0 | H61: 0 | I61: 0 | J61: 0 | K61: 48.11 | L61: 0 | M61: =COUNTIF(C61:L61,">0") -> 1 | N61: =COUNTIF(C61:L61,">20") -> 1 | O61: =MAX(C61:L61) -> 48.11 | P61: =SUM(C61:L61) -> 48.11
B62: Malanville | C62: 0 | D62: 0 | E62: 0 | F62: 0 | G62: 0 | H62: 0 | I62: 0 | J62: 0 | K62: 0 | L62: 0 | M62: =COUNTIF(C62:L62,">0") -> 0 | N62: =COUNTIF(C62:L62,">20") -> 0 | O62: =MAX(C62:L62) -> 0 | P62: =SUM(C62:L62) -> 0
B63: Ségbana | C63: 58.3 | D63: 0 | E63: 0 | F63: 0 | G63: 16.1 | H63: 0 | I63: 40 | J63: 4.8 | K63: 0 | L63: 0 | M63: =COUNTIF(C63:L63,">0") -> 4 | N63: =COUNTIF(C63:L63,">20") -> 2 | O63: =MAX(C63:L63) -> 58.3 | P63: =SUM(C63:L63) -> 119.2
B64: Alafiarou | M64: =COUNTIF(C64:L64,">0") -> 0 | N64: =COUNTIF(C64:L64,">20") -> 0 | O64: =MAX(C64:L64) -> 0 | P64: =SUM(C64:L64) -> 0
B65: Bembèrèkè | C65: 23.5 | D65: 0 | E65: 0 | F65: 0 | G65: 6.3 | H65: 0 | I65: 0 | J65: 15 | K65: 0 | L65: 0 | M65: =COUNTIF(C65:L65,">0") -> 3 | N65: =COUNTIF(C65:L65,">20") -> 1 | O65: =MAX(C65:L65) -> 23.5 | P65: =SUM(C65:L65) -> 44.8
B66: Bétérou | C66: 11.6 | D66: 0 | E66: 0 | F66: 15.3 | G66: 0 | H66: 2.3 | I66: 0 | J66: 0 | K66: 0 | L66: 0 | M66: =COUNTIF(C66:L66,">0") -> 3 | N66: =COUNTIF(C66:L66,">20") -> 0 | O66: =MAX(C66:L66) -> 15.3 | P66: =SUM(C66:L66) -> 29.2
B67: INA | C67: 1.3 | D67: 3.3 | E67: 0 | F67: 0 | G67: 13.6 | H67: 0 | I67: 0 | J67: 0 | K67: 0 | L67: 0 | M67: =COUNTIF(C67:L67,">0") -> 3 | N67: =COUNTIF(C67:L67,">20") -> 0 | O67: =MAX(C67:L67) -> 13.6 | P67: =SUM(C67:L67) -> 18.2
B68: Kalalé | C68: 5.3 | D68: 5 | E68: 0 | F68: 0 | G68: 2.4 | H68: 0 | I68: 16.4 | J68: 18 | K68: 0 | L68: 0 | M68: =COUNTIF(C68:L68,">0") -> 5 | N68: =COUNTIF(C68:L68,">20") -> 0 | O68: =MAX(C68:L68) -> 18 | P68: =SUM(C68:L68) -> 47.1
B69: Nikki | C69: 16.2 | D69: 0 | E69: 8 | F69: 0 | G69: 6.1 | H69: 0 | I69: 15.8 | J69: 0 | K69: 0 | L69: 0 | M69: =COUNTIF(C69:L69,">0") -> 4 | N69: =COUNTIF(C69:L69,">20") -> 0 | O69: =MAX(C69:L69) -> 16.2 | P69: =SUM(C69:L69) -> 46.1
B70: Okpara | C70: 0 | D70: 38.4 | E70: 0 | F70: 8 | G70: 0 | H70: 0 | I70: 0 | J70: 0 | K70: 0 | L70: 0 | M70: =COUNTIF(C70:L70,">0") -> 2 | N70: =COUNTIF(C70:L70,">20") -> 1 | O70: =MAX(C70:L70) -> 38.4 | P70: =SUM(C70:L70) -> 46.4
B71: Parakou | C71: 34.3 | D71: 0.5 | E71: 0 | F71: 0.9 | G71: 3.1 | H71: 0 | I71: 0 | J71: 0 | K71: 0.5 | M71: =COUNTIF(C71:L71,">0") -> 5 | N71: =COUNTIF(C71:L71,">20") -> 1 | O71: =MAX(C71:L71) -> 34.3 | P71: =SUM(C71:L71) -> 39.3
B72: Tchaourou | C72: 0 | D72: 44.1 | E72: 0 | F72: 0 | G72: 6.3 | H72: 0 | I72: 0 | J72: 0 | K72: 0 | L72: 0 | M72: =COUNTIF(C72:L72,">0") -> 2 | N72: =COUNTIF(C72:L72,">20") -> 1 | O72: =MAX(C72:L72) -> 44.1 | P72: =SUM(C72:L72) -> 50.4
B73: Alafiarou Nouveau | C73: 0 | D73: 1.7 | E73: 6.1 | F73: 10.3 | G73: 9.8 | H73: 0 | I73: 0 | J73: 3 | K73: 0 | L73: 0 | M73: =COUNTIF(C73:L73,">0") -> 5 | N73: =COUNTIF(C73:L73,">20") -> 0 | O73: =MAX(C73:L73) -> 10.3 | P73: =SUM(C73:L73) -> 30.9
B74: Tourou | M74: =COUNTIF(C74:L74,">0") -> 0 | N74: =COUNTIF(C74:L74,">20") -> 0 | O74: =MAX(C74:L74) -> 0 | P74: =SUM(C74:L74) -> 0
B75: Sanson | M75: =COUNTIF(C75:L75,">0") -> 0 | N75: =COUNTIF(C75:L75,">20") -> 0 | O75: =MAX(C75:L75) -> 0 | P75: =SUM(C75:L75) -> 0
B76: Tchaourou-Centre | M76: =COUNTIF(C76:L76,">0") -> 0 | N76: =COUNTIF(C76:L76,">20") -> 0 | O76: =MAX(C76:L76) -> 0 | P76: =SUM(C76:L76) -> 0
A82: DEPARTEMENTS | B82: LOCALITES | C82: =C4 -> HAUTEURS JOURNALIERES DE PLUIE : 1ère DECADE DE AOUT 2025
C84: 1 | D84: 2 | E84: 3 | F84: 4 | G84: 5 | H84: 6 | I84: 7 | J84: 8 | K84: 9 | L84: 10 | M84: NbJP | N84: NbJP ˃ 20mm | O84: Max | P84: Total
A85: MONO-COUFFO | B85: Aplahoué | C85: 0 | D85: 0 | E85: 0 | F85: 0 | G85: 0 | H85: 0 | I85: 0 | J85: 0 | K85: 0 | L85: 0 | M85: =COUNTIF(C85:L85,">0") -> 0 | N85: =COUNTIF(C85:L85,">20") -> 0 | O85: =MAX(C85:L85) -> 0 | P85: =SUM(C85:L85) -> 0
B86: Dogbo | C86: 0 | D86: 0 | E86: 0 | F86: 0 | G86: 0 | H86: 0 | I86: 0 | J86: 0 | K86: 0.2 | L86: 0 | M86: =COUNTIF(C86:L86,">0") -> 1 | N86: =COUNTIF(C86:L86,">20") -> 0 | O86: =MAX(C86:L86) -> 0.2 | P86: =SUM(C86:L86) -> 0.2
B87: Klouekamey | C87: 0 | D87: 0 | E87: 0 | F87: 0 | G87: 0 | H87: 0 | I87: 0 | J87: 0 | K87: 0 | L87: 0 | M87: =COUNTIF(C87:L87,">0") -> 0 | N87: =COUNTIF(C87:L87,">20") -> 0 | O87: =MAX(C87:L87) -> 0 | P87: =SUM(C87:L87) -> 0
B88: Lonkly | C88: 0 | D88: 0 | E88: 0 | F88: 0 | G88: 0 | H88: 0 | I88: 0 | J88: 0 | K88: 0 | L88: 0 | M88: =COUNTIF(C88:L88,">0") -> 0 | N88: =COUNTIF(C88:L88,">20") -> 0 | O88: =MAX(C88:L88) -> 0 | P88: =SUM(C88:L88) -> 0
B89: Atomey | M89: =COUNTIF(C89:L89,">0") -> 0 | N89: =COUNTIF(C89:L89,">20") -> 0 | O89: =MAX(C89:L89) -> 0 | P89: =SUM(C89:L89) -> 0
B90: Voly | M90: =COUNTIF(C90:L90,">0") -> 0 | N90: =COUNTIF(C90:L90,">20") -> 0 | O90: =MAX(C90:L90) -> 0 | P90: =SUM(C90:L90) -> 0
B91: Athiémé | C91: 0 | D91: 0 | E91: 0 | F91: 0 | G91: 0 | H91: 0 | I91: 0 | J91: 0 | K91: 0 | L91: 0 | M91: =COUNTIF(C91:L91,">0") -> 0 | N91: =COUNTIF(C91:L91,">20") -> 0 | O91: =MAX(C91:L91) -> 0 | P91: =SUM(C91:L91) -> 0
B92: Bopa | C92: 0 | D92: 0 | E92: 0 | F92: 0 | G92: 0 | H92: 0 | I92: 0 | J92: 0 | K92: 0 | L92: 0 | M92: =COUNTIF(C92:L92,">0") -> 0 | N92: =COUNTIF(C92:L92,">20") -> 0 | O92: =MAX(C92:L92) -> 0 | P92: =SUM(C92:L92) -> 0
B93: Comè | C93: 0 | D93: 0 | E93: 0 | F93: 0 | G93: 0 | H93: 0 | I93: 0 | J93: 0 | K93: 0 | L93: 0 | M93: =COUNTIF(C93:L93,">0") -> 0 | N93: =COUNTIF(C93:L93,">20") -> 0 | O93: =MAX(C93:L93) -> 0 | P93: =SUM(C93:L93) -> 0
B94: Grand-popo | C94: 0 | D94: 0 | E94: 0 | F94: 0 | G94: 0 | H94: 0 | I94: 0 | J94: 0 | K94: 0 | L94: 0 | M94: =COUNTIF(C94:L94,">0") -> 0 | N94: =COUNTIF(C94:L94,">20") -> 0 | O94: =MAX(C94:L94) -> 0 | P94: =SUM(C94:L94) -> 0
B95: Houin-Agamè | C95: 2.3 | D95: 0 | E95: 0 | F95: 0 | G95: 0 | H95: 0 | I95: 0.4 | J95: 0 | K95: 0 | L95: 0 | M95: =COUNTIF(C95:L95,">0") -> 2 | N95: =COUNTIF(C95:L95,">20") -> 0 | O95: =MAX(C95:L95) -> 2.3 | P95: =SUM(C95:L95) -> 2.7
B96: Kpinnou | M96: =COUNTIF(C96:L96,">0") -> 0 | N96: =COUNTIF(C96:L96,">20") -> 0 | O96: =MAX(C96:L96) -> 0 | P96: =SUM(C96:L96) -> 0
B97: Lokossa | C97: 0 | D97: 0.3 | E97: 0 | F97: 0 | G97: 0 | H97: 0 | I97: 0 | J97: 0 | K97: 0 | L97: 0 | M97: =COUNTIF(C97:L97,">0") -> 1 | N97: =COUNTIF(C97:L97,">20") -> 0 | O97: =MAX(C97:L97) -> 0.3 | P97: =SUM(C97:L97) -> 0.3
B98: Adohoun | M98: =COUNTIF(C98:L98,">0") -> 0 | N98: =COUNTIF(C98:L98,">20") -> 0 | O98: =MAX(C98:L98) -> 0 | P98: =SUM(C98:L98) -> 0
B99: Dedepkoe | M99: =COUNTIF(C99:L99,">0") -> 0 | N99: =COUNTIF(C99:L99,">20") -> 0 | O99: =MAX(C99:L99) -> 0 | P99: =SUM(C99:L99) -> 0
B100: Labavè | C100: 0 | D100: 0 | E100: 0 | F100: 0 | G100: 0 | H100: 11 | I100: 0 | J100: 0 | K100: 0 | L100: 0 | M100: 0 | N100: =COUNTIF(C100:L100,">20") -> 0 | O100: =MAX(C100:L100) -> 11 | P100: =SUM(C100:L100) -> 11
B101: Sehomi | C101: 0 | D101: 0 | E101: 0 | F101: 0 | G101: 0 | H101: 0 | I101: 0 | J101: 0 | K101: 0 | L101: 0 | M101: =COUNTIF(C101:L101,">0") -> 0 | N101: =COUNTIF(C101:L101,">20") -> 0 | O101: =MAX(C101:L101) -> 0 | P101: =SUM(C101:L101) -> 0
A110: DEPARTEMENTS | B110: LOCALITES | C110: =C4 -> HAUTEURS JOURNALIERES DE PLUIE : 1ère DECADE DE AOUT 2025
C112: 1 | D112: 2 | E112: 3 | F112: 4 | G112: 5 | H112: 6 | I112: 7 | J112: 8 | K112: 9 | L112: 10 | M112: NbJP | N112: NbJP ˃ 20mm | O112: Max | P112: Total
A113: OUEME-PLATEAU | B113: Adjohoun | C113: 0 | D113: 0 | E113: 0 | F113: 0 | G113: 0 | H113: 0 | I113: 0 | J113: 0 | K113: 0 | L113: 0 | M113: =COUNTIF(C113:L113,">0") -> 0 | N113: =COUNTIF(C113:L113,">20") -> 0 | O113: =MAX(C113:L113) -> 0 | P113: =SUM(C113:L113) -> 0
B114: Avrankou | C114: 0 | D114: 0 | E114: 0 | F114: 0 | G114: 0 | H114: 0 | I114: 0 | J114: 0 | K114: 0 | L114: 0 | M114: =COUNTIF(C114:L114,">0") -> 0 | N114: =COUNTIF(C114:L114,">20") -> 0 | O114: =MAX(C114:L114) -> 0 | P114: =SUM(C114:L114) -> 0
B115: Bonou | C115: 0 | D115: 0 | E115: 0 | F115: 0 | G115: 0 | H115: 0 | I115: 0 | J115: 0 | K115: 0 | L115: 0 | M115: =COUNTIF(C115:L115,">0") -> 0 | N115: =COUNTIF(C115:L115,">20") -> 0 | O115: =MAX(C115:L115) -> 0 | P115: =SUM(C115:L115) -> 0
B116: Dangbo | C116: 0 | D116: 0 | E116: 0 | F116: 0 | G116: 0 | H116: 0 | I116: 0 | J116: 0 | K116: 0 | L116: 0 | M116: =COUNTIF(C116:L116,">0") -> 0 | N116: =COUNTIF(C116:L116,">20") -> 0 | O116: =MAX(C116:L116) -> 0 | P116: =SUM(C116:L116) -> 0
B117: Ouando | M117: =COUNTIF(C117:L117,">0") -> 0 | N117: =COUNTIF(C117:L117,">20") -> 0 | O117: =MAX(C117:L117) -> 0 | P117: =SUM(C117:L117) -> 0
B118: Porto-Novo | C118: 0 | D118: 0 | E118: 0 | F118: 0 | G118: 0 | H118: 1.2 | I118: 0 | J118: 0 | K118: 0 | L118: 0 | M118: =COUNTIF(C118:L118,">0") -> 1 | N118: =COUNTIF(C118:L118,">20") -> 0 | O118: =MAX(C118:L118) -> 1.2 | P118: =SUM(C118:L118) -> 1.2
B119: Sèmè-Cocotier | C119: 0 | D119: 0.2 | E119: 0 | F119: 0 | G119: 0 | H119: 4.2 | I119: 0 | J119: 0 | K119: 0 | L119: 0 | M119: =COUNTIF(C119:L119,">0") -> 2 | N119: =COUNTIF(C119:L119,">20") -> 0 | O119: =MAX(C119:L119) -> 4.2 | P119: =SUM(C119:L119) -> 4.4
B120: Tchaada | C120: 0 | D120: 0 | E120: 0 | F120: 0 | G120: 0 | H120: 0 | I120: 0 | J120: 0 | K120: 0 | L120: 0 | M120: 0 | N120: =COUNTIF(C120:L120,">20") -> 0 | O120: =MAX(C120:L120) -> 0 | P120: =SUM(C120:L120) -> 0
B121: Kétou | C121: 0 | D121: 0 | E121: 0 | F121: 0 | G121: 0 | H121: 0 | I121: 4.1 | J121: 0 | K121: 0 | L121: 0 | M121: =COUNTIF(C121:L121,">0") -> 1 | N121: =COUNTIF(C121:L121,">20") -> 0 | O121: =MAX(C121:L121) -> 4.1 | P121: =SUM(C121:L121) -> 4.1
B122: Pobè | C122: 0 | D122: 0 | E122: 0 | F122: 0 | G122: 0 | H122: 0.2 | I122: 0 | J122: 0 | K122: 0 | L122: 0 | M122: =COUNTIF(C122:L122,">0") -> 1 | N122: =COUNTIF(C122:L122,">20") -> 0 | O122: =MAX(C122:L122) -> 0.2 | P122: =SUM(C122:L122) -> 0.2
B123: Sakété | C123: 0 | D123: 0 | E123: 0 | F123: 0 | G123: 0 | H123: 0 | I123: 0 | J123: 0 | K123: 0 | L123: 0 | M123: =COUNTIF(C123:L123,">0") -> 0 | N123: =COUNTIF(C123:L123,">20") -> 0 | O123: =MAX(C123:L123) -> 0 | P123: =SUM(C123:L123) -> 0
B124: Effehoute | M124: =COUNTIF(C124:L124,">0") -> 0 | N124: =COUNTIF(C124:L124,">20") -> 0 | O124: =MAX(C124:L124) -> 0 | P124: =SUM(C124:L124) -> 0
B125: Ketou-Centre | M125: =COUNTIF(C125:L125,">0") -> 0 | N125: =COUNTIF(C125:L125,">20") -> 0 | O125: =MAX(C125:L125) -> 0 | P125: =SUM(C125:L125) -> 0
A136: DEPARTEMENTS | B136: LOCALITES | C136: =C4 -> HAUTEURS JOURNALIERES DE PLUIE : 1ère DECADE DE AOUT 2025
C138: 1 | D138: 2 | E138: 3 | F138: 4 | G138: 5 | H138: 6 | I138: 7 | J138: 8 | K138: 9 | L138: 10 | M138: NbJP | N138: NbJP ˃ 20mm | O138: Max | P138: Total
A139: ZOU-COLLINE | B139: Agouna | C139: 0 | D139: 0 | E139: 0 | F139: 0 | G139: 24.6 | H139: 0 | I139: 0 | J139: 0 | K139: 0 | L139: 0 | M139: =COUNTIF(C139:L139,">0") -> 1 | N139: =COUNTIF(C139:L139,">20") -> 1 | O139: =MAX(C139:L139) -> 24.6 | P139: =SUM(C139:L139) -> 24.6
B140: Aklampa | C140: 23.2 | D140: 4 | E140: 0 | F140: 0 | G140: 2.1 | H140: 0 | I140: 0 | J140: 0 | K140: 0 | L140: 0 | M140: =COUNTIF(C140:L140,">0") -> 3 | N140: =COUNTIF(C140:L140,">20") -> 1 | O140: =MAX(C140:L140) -> 23.2 | P140: =SUM(C140:L140) -> 29.3
B141: Bantè | C141: 10.4 | D141: 0 | E141: 0 | F141: 20.1 | G141: 0 | H141: 7.5 | I141: 0 | J141: 0 | K141: 0 | L141: 0 | M141: =COUNTIF(C141:L141,">0") -> 3 | N141: =COUNTIF(C141:L141,">20") -> 1 | O141: =MAX(C141:L141) -> 20.1 | P141: =SUM(C141:L141) -> 38
B142: Dassa-Zoumè | C142: 0 | D142: 0 | E142: 0 | F142: 0 | G142: 16.5 | H142: 2.8 | I142: 0 | J142: 0 | K142: 0 | L142: 0 | M142: =COUNTIF(C142:L142,">0") -> 2 | N142: =COUNTIF(C142:L142,">20") -> 0 | O142: =MAX(C142:L142) -> 16.5 | P142: =SUM(C142:L142) -> 19.3
...

Sheet Decade2
A2: DEPARTEMENTS | B2: LOCALITES | C2: HAUTEURS JOURNALIERES DE PLUIE : 2ème DECADE DU MOIS DE AOUT 2025
C4: 11 | D4: 12 | E4: 13 | F4: 14 | G4: 15 | H4: 16 | I4: 17 | J4: 18 | K4: 19 | L4: 20 | M4: NbJP>0 | N4: NbJP ˃ 20mm | O4: Max | P4: Total
A5: ATLANTIQUE-LITTORAL | B5: Agonkanmey | M5: =COUNTIF(C5:L5,">0") -> 0 | N5: =COUNTIF(C5:L5,">20") -> 0 | O5: =MAX(C5:L5) -> 0 | P5: =SUM(C5:L5) -> 0
B6: Cotonou-Aéro | M6: =COUNTIF(C6:L6,">0") -> 0 | N6: =COUNTIF(C6:L6,">20") -> 0 | O6: =MAX(C6:L6) -> 0 | P6: =SUM(C6:L6) -> 0
B7: Cotonou C. Central | M7: =COUNTIF(C7:L7,">0") -> 0 | N7: =COUNTIF(C7:L7,">20") -> 0 | O7: =MAX(C7:L7) -> 0 | P7: =SUM(C7:L7) -> 0
B8: Cotonou-Ville | M8: =COUNTIF(C8:L8,">0") -> 0 | N8: =COUNTIF(C8:L8,">20") -> 0 | O8: =MAX(C8:L8) -> 0 | P8: =SUM(C8:L8) -> 0
B9: Cotonou-Port | M9: =COUNTIF(C9:L9,">0") -> 0 | N9: =COUNTIF(C9:L9,">20") -> 0 | O9: =MAX(C9:L9) -> 0 | P9: =SUM(C9:L9) -> 0
B10: Cotonou-Akpakpa | M10: =COUNTIF(C10:L10,">0") -> 0 | N10: =COUNTIF(C10:L10,">20") -> 0 | O10: =MAX(C10:L10) -> 0 | P10: =SUM(C10:L10) -> 0
B11: Cotonou ste Cécile | M11: =COUNTIF(C11:L11,">0") -> 0 | N11: =COUNTIF(C11:L11,">20") -> 0 | O11: =MAX(C11:L11) -> 0 | P11: =SUM(C11:L11) -> 0
B12: Akossombo | M12: =COUNTIF(C12:L12,">0") -> 0 | N12: =COUNTIF(C12:L12,">20") -> 0 | O12: =MAX(C12:L12) -> 0 | P12: =SUM(C12:L12) -> 0
B13: Allada | M13: =COUNTIF(C13:L13,">0") -> 0 | N13: =COUNTIF(C13:L13,">20") -> 0 | O13: =MAX(C13:L13) -> 0 | P13: =SUM(C13:L13) -> 0
B14: Niaouli | M14: =COUNTIF(C14:L14,">0") -> 0 | N14: =COUNTIF(C14:L14,">20") -> 0 | O14: =MAX(C14:L14) -> 0 | P14: =SUM(C14:L14) -> 0
B15: Ouidah nord | I15: 0.3 | M15: =COUNTIF(C15:L15,">0") -> 1 | N15: =COUNTIF(C15:L15,">20") -> 0 | O15: =MAX(C15:L15) -> 0.3 | P15: =SUM(C15:L15) -> 0.3
B16: Ouidah ville | M16: =COUNTIF(C16:L16,">0") -> 0 | N16: =COUNTIF(C16:L16,">20") -> 0 | O16: =MAX(C16:L16) -> 0 | P16: =SUM(C16:L16) -> 0
B17: Sékou | M17: =COUNTIF(C17:L17,">0") -> 0 | N17: =COUNTIF(C17:L17,">20") -> 0 | O17: =MAX(C17:L17) -> 0 | P17: =SUM(C17:L17) -> 0
B18: Toffo | M18: =COUNTIF(C18:L18,">0") -> 0 | N18: =COUNTIF(C18:L18,">20") -> 0 | O18: =MAX(C18:L18) -> 0 | P18: =SUM(C18:L18) -> 0
B19: Soava Ounmè | M19: =COUNTIF(C19:L19,">0") -> 0 | N19: =COUNTIF(C19:L19,">20") -> 0 | O19: =MAX(C19:L19) -> 0 | P19: =SUM(C19:L19) -> 0
A22: DEPARTEMENTS | B22: LOCALITES | C22: =C2 -> HAUTEURS JOURNALIERES DE PLUIE : 2ème DECADE DU MOIS DE AOUT 2025
C24: 11 | D24: 12 | E24: 13 | F24: 14 | G24: 15 | H24: 16 | I24: 17 | J24: 18 | K24: 19 | L24: 20 | M24: NbJP | N24: NbJP ˃ 20mm | O24: Max | P24: Total
A25: ATACORA-DONGA | B25: Birni | D25: 22 | E25: 8 | G25: 16 | J25: 31 | K25: 5 | L25: 22 | M25: =COUNTIF(C25:L25,">0") -> 6 | N25: =COUNTIF(C25:L25,">20") -> 3 | O25: =MAX(C25:L25) -> 31 | P25: =SUM(C25:L25) -> 104
B26: Boukoumbé | C26: 14.4 | E26: 32.8 | F26: 10.2 | J26: 23.1 | M26: =COUNTIF(C26:L26,">0") -> 4 | N26: =COUNTIF(C26:L26,">20") -> 2 | O26: =MAX(C26:L26) -> 32.8 | P26: =SUM(C26:L26) -> 80.5
B27: Dassari | C27: 22.6 | E27: 19.1 | G27: 70.1 | H27: 10.3 | I27: 9.6 | J27: 18.7 | K27: 0.4 | M27: =COUNTIF(C27:L27,">0") -> 7 | N27: =COUNTIF(C27:L27,">20") -> 2 | O27: =MAX(C27:L27) -> 70.1 | P27: =SUM(C27:L27) -> 150.8
B28: Kérou | C28: 52.2 | E28: 10.2 | F28: 57.8 | H28: 21.7 | I28: 24.3 | M28: =COUNTIF(C28:L28,">0") -> 5 | N28: =COUNTIF(C28:L28,">20") -> 4 | O28: =MAX(C28:L28) -> 57.8 | P28: =SUM(C28:L28) -> 166.2
B29: Kouandé | C29: 13.2 | F29: 1.4 | G29: 65 | H29: 11.3 | I29: 7.2 | J29: 24.6 | M29: =COUNTIF(C29:L29,">0") -> 6 | N29: =COUNTIF(C29:L29,">20") -> 2 | O29: =MAX(C29:L29) -> 65 | P29: =SUM(C29:L29) -> 122.7
B30: Matéri | C30: 17.2 | H30: 68.9 | J30: 18.2 | M30: =COUNTIF(C30:L30,">0") -> 3 | N30: =COUNTIF(C30:L30,">20") -> 1 | O30: =MAX(C30:L30) -> 68.9 | P30: =SUM(C30:L30) -> 104.3
B31: Natitingou | C31: 32.1 | E31: 1 | F31: 25.2 | G31: 6.6 | H31: 15.5 | J31: 43.1 | K31: 0.6 | M31: =COUNTIF(C31:L31,">0") -> 7 | N31: =COUNTIF(C31:L31,">20") -> 3 | O31: =MAX(C31:L31) -> 43.1 | P31: =SUM(C31:L31) -> 124.1
B32: Porga | M32: =COUNTIF(C32:L32,">0") -> 0 | N32: =COUNTIF(C32:L32,">20") -> 0 | O32: =MAX(C32:L32) -> 0 | P32: =SUM(C32:L32) -> 0
B33: Tanguiéta | M33: =COUNTIF(C33:L33,">0") -> 0 | N33: =COUNTIF(C33:L33,">20") -> 0 | O33: =MAX(C33:L33) -> 0 | P33: =SUM(C33:L33) -> 0
B34: Péhunco | C34: 90.9 | G34: 22.1 | H34: 12.3 | M34: =COUNTIF(C34:L34,">0") -> 3 | N34: =COUNTIF(C34:L34,">20") -> 2 | O34: =MAX(C34:L34) -> 90.9 | P34: =SUM(C34:L34) -> 125.3
B35: Natitingou-ville | M35: =COUNTIF(C35:L35,">0") -> 0 | N35: =COUNTIF(C35:L35,">20") -> 0 | O35: =MAX(C35:L35) -> 0 | P35: =SUM(C35:L35) -> 0
B36: Bassila | G36: 3.7 | K36: 2.4 | M36: =COUNTIF(C36:L36,">0") -> 2 | N36: =COUNTIF(C36:L36,">20") -> 0 | O36: =MAX(C36:L36) -> 3.7 | P36: =SUM(C36:L36) -> 6.1
B37: Djougou | M37: =COUNTIF(C37:L37,">0") -> 0 | N37: =COUNTIF(C37:L37,">20") -> 0 | O37: =MAX(C37:L37) -> 0 | P37: =SUM(C37:L37) -> 0
B38: Copargo | C38: 28.2 | D38: 25.2 | G38: 6.3 | H38: 5.3 | I38: 24 | J38: 44.7 | M38: =COUNTIF(C38:L38,">0") -> 6 | N38: =COUNTIF(C38:L38,">20") -> 4 | O38: =MAX(C38:L38) -> 44.7 | P38: =SUM(C38:L38) -> 133.7
B39: Partago | C39: 11.9 | E39: 28.3 | G39: 27.3 | J39: 63.7 | M39: =COUNTIF(C39:L39,">0") -> 4 | N39: =COUNTIF(C39:L39,">20") -> 3 | O39: =MAX(C39:L39) -> 63.7 | P39: =SUM(C39:L39) -> 131.2
B40: onklou | C40: 26.1 | D40: 65.4 | G40: 69.6 | J40: 44.3 | M40: =COUNTIF(C40:L40,">0") -> 4 | N40: =COUNTIF(C40:L40,">20") -> 4 | O40: =MAX(C40:L40) -> 69.6 | P40: =SUM(C40:L40) -> 205.4
B41: Pénessoulou | D41: 3.5 | F41: 9.5 | G41: 10.5 | H41: 15.5 | K41: 56.5 | M41: =COUNTIF(C41:L41,">0") -> 5 | N41: =COUNTIF(C41:L41,">20") -> 1 | O41: =MAX(C41:L41) -> 56.5 | P41: =SUM(C41:L41) -> 95.5
B42: Sémèrè | M42: =COUNTIF(C42:L42,">0") -> 0 | N42: =COUNTIF(C42:L42,">20") -> 0 | O42: =MAX(C42:L42) -> 0 | P42: =SUM(C42:L42) -> 0
A45: DEPARTEMENTS | B45: LOCALITES | C45: =C2 -> HAUTEURS JOURNALIERES DE PLUIE : 2ème DECADE DU MOIS DE AOUT 2025
C47: 11 | D47: 12 | E47: 13 | F47: 14 | G47: 15 | H47: 16 | I47: 17 | J47: 18 | K47: 19 | L47: 20 | M47: NbJP | N47: NbJP ˃ 20mm | O47: Max | P47: Total
A48: BORGOU-ALIBORI | B48: Alfakoara | M48: =COUNTIF(C48:L48,">0") -> 0 | N48: =COUNTIF(C48:L48,">20") -> 0 | O48: =MAX(C48:L48) -> 0 | P48: =SUM(C48:L48) -> 0
B49: Banikoara | C49: 3.2 | E49: 10.4 | G49: 14.2 | I49: 15.4 | J49: 19.9 | M49: =COUNTIF(C49:L49,">0") -> 5 | N49: =COUNTIF(C49:L49,">20") -> 0 | O49: =MAX(C49:L49) -> 19.9 | P49: =SUM(C49:L49) -> 63.1
B50: Bodjecali | C50: 16.1 | E50: 17.2 | H50: 18.9 | J50: 9.9 | K50: 5.8 | M50: =COUNTIF(C50:L50,">0") -> 5 | N50: =COUNTIF(C50:L50,">20") -> 0 | O50: =MAX(C50:L50) -> 18.9 | P50: =SUM(C50:L50) -> 67.9
B51: Founougo | F51: 1.1 | G51: 34.2 | I51: 6.6 | J51: 16.6 | M51: =COUNTIF(C51:L51,">0") -> 4 | N51: =COUNTIF(C51:L51,">20") -> 1 | O51: =MAX(C51:L51) -> 34.2 | P51: =SUM(C51:L51) -> 58.5
B52: Guéné | M52: =COUNTIF(C52:L52,">0") -> 0 | N52: =COUNTIF(C52:L52,">20") -> 0 | O52: =MAX(C52:L52) -> 0 | P52: =SUM(C52:L52) -> 0
B53: Kandi | C53: 13.6 | E53: 2.4 | G53: 34.6 | I53: 13.4 | J53: 34.9 | K53: 2.2 | M53: =COUNTIF(C53:L53,">0") -> 6 | N53: =COUNTIF(C53:L53,">20") -> 2 | O53: =MAX(C53:L53) -> 34.9 | P53: =SUM(C53:L53) -> 101.1
B54: Karimama | D54: 2.5 | H54: 22.2 | K54: 29.4 | M54: =COUNTIF(C54:L54,">0") -> 3 | N54: =COUNTIF(C54:L54,">20") -> 2 | O54: =MAX(C54:L54) -> 29.4 | P54: =SUM(C54:L54) -> 54.1
B55: Malanville | M55: =COUNTIF(C55:L55,">0") -> 0 | N55: =COUNTIF(C55:L55,">20") -> 0 | O55: =MAX(C55:L55) -> 0 | P55: =SUM(C55:L55) -> 0
B56: Ndali | D56: 26.1 | H56: 14 | I56: 0.5 | K56: 75 | L56: 2 | M56: =COUNTIF(C56:L56,">0") -> 5 | N56: =COUNTIF(C56:L56,">20") -> 2 | O56: =MAX(C56:L56) -> 75 | P56: =SUM(C56:L56) -> 117.6
B57: Ségbana | D57: 6 | E57: 9.7 | G57: 19.4 | I57: 27.6 | J57: 5.4 | M57: =COUNTIF(C57:L57,">0") -> 5 | N57: =COUNTIF(C57:L57,">20") -> 1 | O57: =MAX(C57:L57) -> 27.6 | P57: =SUM(C57:L57) -> 68.1
B58: Alafiarou | M58: =COUNTIF(C58:L58,">0") -> 0 | N58: =COUNTIF(C58:L58,">20") -> 0 | O58: =MAX(C58:L58) -> 0 | P58: =SUM(C58:L58) -> 0
B59: Guinagourou | D59: 27.3 | H59: 4.7 | I59: 45.7 | K59: 27 | M59: =COUNTIF(C59:L59,">0") -> 4 | N59: =COUNTIF(C59:L59,">20") -> 3 | O59: =MAX(C59:L59) -> 45.7 | P59: =SUM(C59:L59) -> 104.7
B60: Bembèrèkè | C60: 21.6 | E60: 9.1 | G60: 35.8 | H60: 17 | I60: 37.3 | M60: =COUNTIF(C60:L60,">0") -> 5 | N60: =COUNTIF(C60:L60,">20") -> 3 | O60: =MAX(C60:L60) -> 37.3 | P60: =SUM(C60:L60) -> 120.8
B61: Bétérou | G61: 20.8 | H61: 6.9 | J61: 24.2 | M61: =COUNTIF(C61:L61,">0") -> 3 | N61: =COUNTIF(C61:L61,">20") -> 2 | O61: =MAX(C61:L61) -> 24.2 | P61: =SUM(C61:L61) -> 51.9
B62: INA | C62: 32.2 | E62: 3.3 | G62: 40 | J62: 59.6 | M62: =COUNTIF(C62:L62,">0") -> 4 | N62: =COUNTIF(C62:L62,">20") -> 3 | O62: =MAX(C62:L62) -> 59.6 | P62: =SUM(C62:L62) -> 135.1
B63: Kalalé | C63: 63.5 | G63: 18.5 | J63: 54.5 | M63: =COUNTIF(C63:L63,">0") -> 3 | N63: =COUNTIF(C63:L63,">20") -> 2 | O63: =MAX(C63:L63) -> 63.5 | P63: =SUM(C63:L63) -> 136.5
B64: Nikki | E64: 1 | G64: 5.5 | H64: 43.9 | K64: 73.2 | M64: =COUNTIF(C64:L64,">0") -> 4 | N64: =COUNTIF(C64:L64,">20") -> 2 | O64: =MAX(C64:L64) -> 73.2 | P64: =SUM(C64:L64) -> 123.6
B65: Okpara | M65: =COUNTIF(C65:L65,">0") -> 0 | N65: =COUNTIF(C65:L65,">20") -> 0 | O65: =MAX(C65:L65) -> 0 | P65: =SUM(C65:L65) -> 0
B66: Parakou | C66: 25.1 | G66: 22.4 | H66: 2.2 | J66: 32.2 | K66: 4.8 | M66: =COUNTIF(C66:L66,">0") -> 5 | N66: =COUNTIF(C66:L66,">20") -> 3 | O66: =MAX(C66:L66) -> 32.2 | P66: =SUM(C66:L66) -> 86.7
B67: sinende | C67: 9.4 | D67: 14.5 | E67: 0.6 | G67: 118 | H67: 9.6 | J67: 29.5 | K67: 4.8 | M67: =COUNTIF(C67:L67,">0") -> 7 | N67: =COUNTIF(C67:L67,">20") -> 2 | O67: =MAX(C67:L67) -> 118 | P67: =SUM(C67:L67) -> 186.4
B68: Tchaourou | H68: 43.3 | I68: 35.7 | K68: 3.6 | M68: =COUNTIF(C68:L68,">0") -> 3 | N68: =COUNTIF(C68:L68,">20") -> 2 | O68: =MAX(C68:L68) -> 43.3 | P68: =SUM(C68:L68) -> 82.6
B69: Alafiarou Nouveau | M69: =COUNTIF(C69:L69,">0") -> 0 | N69: =COUNTIF(C69:L69,">20") -> 0 | O69: =MAX(C69:L69) -> 0 | P69: =SUM(C69:L69) -> 0
B70: Tourou | M70: =COUNTIF(C70:L70,">0") -> 0 | N70: =COUNTIF(C70:L70,">20") -> 0 | O70: =MAX(C70:L70) -> 0 | P70: =SUM(C70:L70) -> 0
B71: Sanson | M71: =COUNTIF(C71:L71,">0") -> 0 | N71: =COUNTIF(C71:L71,">20") -> 0 | O71: =MAX(C71:L71) -> 0 | P71: =SUM(C71:L71) -> 0
B72: Tchaourou-Centre | M72: =COUNTIF(C72:L72,">0") -> 0 | N72: =COUNTIF(C72:L72,">20") -> 0 | O72: =MAX(C72:L72) -> 0 | P72: =SUM(C72:L72) -> 0
A75: DEPARTEMENTS | B75: LOCALITES | C75: =C2 -> HAUTEURS JOURNALIERES DE PLUIE : 2ème DECADE DU MOIS DE AOUT 2025
C77: 11 | D77: 12 | E77: 13 | F77: 14 | G77: 15 | H77: 16 | I77: 17 | J77: 18 | K77: 19 | L77: 20 | M77: NbJP | N77: NbJP ˃ 20mm | O77: Max | P77: Total
A78: MONO-COUFFO | B78: Aplahoué | M78: =COUNTIF(C78:L78,">0") -> 0 | N78: =COUNTIF(C78:L78,">20") -> 0 | O78: =MAX(C78:L78) -> 0 | P78: =SUM(C78:L78) -> 0
B79: Dogbo | M79: =COUNTIF(C79:L79,">0") -> 0 | N79: =COUNTIF(C79:L79,">20") -> 0 | O79: =MAX(C79:L79) -> 0 | P79: =SUM(C79:L79) -> 0
B80: Klouekamey | M80: =COUNTIF(C80:L80,">0") -> 0 | N80: =COUNTIF(C80:L80,">20") -> 0 | O80: =MAX(C80:L80) -> 0 | P80: =SUM(C80:L80) -> 0
B81: Lonkly | M81: =COUNTIF(C81:L81,">0") -> 0 | N81: =COUNTIF(C81:L81,">20") -> 0 | O81: =MAX(C81:L81) -> 0 | P81: =SUM(C81:L81) -> 0
B82: Atomey | M82: =COUNTIF(C82:L82,">0") -> 0 | N82: =COUNTIF(C82:L82,">20") -> 0 | O82: =MAX(C82:L82) -> 0 | P82: =SUM(C82:L82) -> 0
B83: Voly | M83: =COUNTIF(C83:L83,">0") -> 0 | N83: =COUNTIF(C83:L83,">20") -> 0 | O83: =MAX(C83:L83) -> 0 | P83: =SUM(C83:L83) -> 0
B84: Athiémé | C84: 0.3 | I84: 0.6 | K84: 0.7 | M84: =COUNTIF(C84:L84,">0") -> 3 | N84: =COUNTIF(C84:L84,">20") -> 0 | O84: =MAX(C84:L84) -> 0.7 | P84: =SUM(C84:L84) -> 1.6
B85: Bopa | M85: =COUNTIF(C85:L85,">0") -> 0 | N85: =COUNTIF(C85:L85,">20") -> 0 | O85: =MAX(C85:L85) -> 0 | P85: =SUM(C85:L85) -> 0
B86: Comè | M86: =COUNTIF(C86:L86,">0") -> 0 | N86: =COUNTIF(C86:L86,">20") -> 0 | O86: =MAX(C86:L86) -> 0 | P86: =SUM(C86:L86) -> 0
B87: Grand-popo | M87: =COUNTIF(C87:L87,">0") -> 0 | N87: =COUNTIF(C87:L87,">20") -> 0 | O87: =MAX(C87:L87) -> 0 | P87: =SUM(C87:L87) -> 0
B88: Houin-Agamè | M88: =COUNTIF(C88:L88,">0") -> 0 | N88: =COUNTIF(C88:L88,">20") -> 0 | O88: =MAX(C88:L88) -> 0 | P88: =SUM(C88:L88) -> 0
B89: Kpinnou | M89: =COUNTIF(C89:L89,">0") -> 0 | N89: =COUNTIF(C89:L89,">20") -> 0 | O89: =MAX(C89:L89) -> 0 | P89: =SUM(C89:L89) -> 0
B90: Lokossa | M90: =COUNTIF(C90:L90,">0") -> 0 | N90: =COUNTIF(C90:L90,">20") -> 0 | O90: =MAX(C90:L90) -> 0 | P90: =SUM(C90:L90) -> 0
B91: Adohoun | M91: =COUNTIF(C91:L91,">0") -> 0 | N91: =COUNTIF(C91:L91,">20") -> 0 | O91: =MAX(C91:L91) -> 0 | P91: =SUM(C91:L91) -> 0
B92: Dedepkoe | M92: =COUNTIF(C92:L92,">0") -> 0 | N92: =COUNTIF(C92:L92,">20") -> 0 | O92: =MAX(C92:L92) -> 0 | P92: =SUM(C92:L92) -> 0
B93: Labavè | K93: 0.4 | M93: =COUNTIF(C93:L93,">0") -> 1 | N93: =COUNTIF(C93:L93,">20") -> 0 | O93: =MAX(C93:L93) -> 0.4 | P93: =SUM(C93:L93) -> 0.4
B94: Sehomi | M94: =COUNTIF(C94:L94,">0") -> 0 | N94: =COUNTIF(C94:L94,">20") -> 0 | O94: =MAX(C94:L94) -> 0 | P94: =SUM(C94:L94) -> 0
A96: DEPARTEMENTS | B96: LOCALITES | C96: =C2 -> HAUTEURS JOURNALIERES DE PLUIE : 2ème DECADE DU MOIS DE AOUT 2025
C98: 11 | D98: 12 | E98: 13 | F98: 14 | G98: 15 | H98: 16 | I98: 17 | J98: 18 | K98: 19 | L98: 20 | M98: NbJP | N98: NbJP ˃ 20mm | O98: Max | P98: Total
A99: OUEME-PLATEAU | B99: Adjohoun | C99: 0 | D99: 0 | E99: 0 | F99: 0 | G99: 0 | H99: 2.8 | I99: 2.3 | J99: 0 | K99: 0 | L99: 0 | M99: =COUNTIF(C99:L99,">0") -> 2 | N99: =COUNTIF(C99:L99,">20") -> 0 | O99: =MAX(C99:L99) -> 2.8 | P99: =SUM(C99:L99) -> 5.1
B100: Avrankou | M100: =COUNTIF(C100:L100,">0") -> 0 | N100: =COUNTIF(C100:L100,">20") -> 0 | O100: =MAX(C100:L100) -> 0 | P100: =SUM(C100:L100) -> 0
B101: Bonou | M101: =COUNTIF(C101:L101,">0") -> 0 | N101: =COUNTIF(C101:L101,">20") -> 0 | O101: =MAX(C101:L101) -> 0 | P101: =SUM(C101:L101) -> 0
B102: Dangbo | M102: =COUNTIF(C102:L102,">0") -> 0 | N102: =COUNTIF(C102:L102,">20") -> 0 | O102: =MAX(C102:L102) -> 0 | P102: =SUM(C102:L102) -> 0
B103: Ouando | M103: =COUNTIF(C103:L103,">0") -> 0 | N103: =COUNTIF(C103:L103,">20") -> 0 | O103: =MAX(C103:L103) -> 0 | P103: =SUM(C103:L103) -> 0
B104: Porto-Novo | M104: =COUNTIF(C104:L104,">0") -> 0 | N104: =COUNTIF(C104:L104,">20") -> 0 | O104: =MAX(C104:L104) -> 0 | P104: =SUM(C104:L104) -> 0
B105: Sèmè-Cocotier | I105: 0.5 | M105: =COUNTIF(C105:L105,">0") -> 1 | N105: =COUNTIF(C105:L105,">20") -> 0 | O105: =MAX(C105:L105) -> 0.5 | P105: =SUM(C105:L105) -> 0.5
B106: Tchaada | M106: =COUNTIF(C106:L106,">0") -> 0 | N106: =COUNTIF(C106:L106,">20") -> 0 | O106: =MAX(C106:L106) -> 0 | P106: =SUM(C106:L106) -> 0
B107: Kétou | M107: =COUNTIF(C107:L107,">0") -> 0 | N107: =COUNTIF(C107:L107,">20") -> 0 | O107: =MAX(C107:L107) -> 0 | P107: =SUM(C107:L107) -> 0
B108: Pobè | E108: 0.5 | M108: =COUNTIF(C108:L108,">0") -> 1 | N108: =COUNTIF(C108:L108,">20") -> 0 | O108: =MAX(C108:L108) -> 0.5 | P108: =SUM(C108:L108) -> 0.5
B109: Sakété | M109: =COUNTIF(C109:L109,">0") -> 0 | N109: =COUNTIF(C109:L109,">20") -> 0 | O109: =MAX(C109:L109) -> 0 | P109: =SUM(C109:L109) -> 0
B110: Effehoute | M110: =COUNTIF(C110:L110,">0") -> 0 | N110: =COUNTIF(C110:L110,">20") -> 0 | O110: =MAX(C110:L110) -> 0 | P110: =SUM(C110:L110) -> 0
B111: Kétou-Centre | M111: =COUNTIF(C111:L111,">0") -> 0 | N111: =COUNTIF(C111:L111,">20") -> 0 | O111: =MAX(C111:L111) -> 0 | P111: =SUM(C111:L111) -> 0
A114: DEPARTEMENTS | B114: LOCALITES | C114: =C2 -> HAUTEURS JOURNALIERES DE PLUIE : 2ème DECADE DU MOIS DE AOUT 2025
C116: 11 | D116: 12 | E116: 13 | F116: 14 | G116: 15 | H116: 16 | I116: 17 | J116: 18 | K116: 19 | L116: 20 | M116: NbJP | N116: NbJP ˃ 20mm | O116: Max | P116: Total
...

Sheet Decade3
A3: DEPARTEMENTS | B3: LOCALITES | C3: HAUTEURS JOURNALIERES DE PLUIE : 3ème DECADE DU MOIS DE AOUT 2025
C5: 21 | D5: 22 | E5: 23 | F5: 24 | G5: 25 | H5: 26 | I5: 27 | J5: 28 | K5: 29 | L5: 30 | M5: 31 | N5: NbJP>0 | O5: NbJP ˃ 20mm | P5: Max | Q5: Total
A6: ATLANTIQUE-LITTORAL | B6: Agonkanmey | N6: =COUNTIF(C6:M6,">0") -> 0 | O6: =COUNTIF(C6:M6,">20") -> 0 | P6: =MAX(C6:M6) -> 0 | Q6: =SUM(C6:M6) -> 0
B7: Cotonou-Aéro | C7: 0.4 | D7: 0 | E7: 0 | F7: 0 | G7: 0 | H7: 0 | I7: 0 | J7: 0 | K7: 0 | L7: 0.4 | M7: 0 | N7: =COUNTIF(C7:M7,">0") -> 2 | O7: =COUNTIF(C7:M7,">20") -> 0 | P7: =MAX(C7:M7) -> 0.4 | Q7: =SUM(C7:M7) -> 0.8
B8: Cotonou C. Central | N8: =COUNTIF(C8:M8,">0") -> 0 | O8: =COUNTIF(C8:M8,">20") -> 0 | P8: =MAX(C8:M8) -> 0 | Q8: =SUM(C8:M8) -> 0
B9: Cotonou-Ville | N9: =COUNTIF(C9:M9,">0") -> 0 | O9: =COUNTIF(C9:M9,">20") -> 0 | P9: =MAX(C9:M9) -> 0 | Q9: =SUM(C9:M9) -> 0
B10: Cotonou-Port | N10: =COUNTIF(C10:M10,">0") -> 0 | O10: =COUNTIF(C10:M10,">20") -> 0 | P10: =MAX(C10:M10) -> 0 | Q10: =SUM(C10:M10) -> 0
B11: Cotonou-Akpakpa | N11: =COUNTIF(C11:M11,">0") -> 0 | O11: =COUNTIF(C11:M11,">20") -> 0 | P11: =MAX(C11:M11) -> 0 | Q11: =SUM(C11:M11) -> 0
B12: Cotonou ste Cécile | N12: =COUNTIF(C12:M12,">0") -> 0 | O12: =COUNTIF(C12:M12,">20") -> 0 | P12: =MAX(C12:M12) -> 0 | Q12: =SUM(C12:M12) -> 0
B13: Akossombo | N13: =COUNTIF(C13:M13,">0") -> 0 | O13: =COUNTIF(C13:M13,">20") -> 0 | P13: =MAX(C13:M13) -> 0 | Q13: =SUM(C13:M13) -> 0
B14: Allada | N14: =COUNTIF(C14:M14,">0") -> 0 | O14: =COUNTIF(C14:M14,">20") -> 0 | P14: =MAX(C14:M14) -> 0 | Q14: =SUM(C14:M14) -> 0
B15: Niaouli | N15: =COUNTIF(C15:M15,">0") -> 0 | O15: =COUNTIF(C15:M15,">20") -> 0 | P15: =MAX(C15:M15) -> 0 | Q15: =SUM(C15:M15) -> 0
B16: Ouidah nord | C16: 0 | D16: 0 | E16: 0 | F16: 0 | G16: 0 | H16: 0 | I16: 0 | J16: 0 | K16: 0.6 | L16: 0.3 | M16: 0 | N16: =COUNTIF(C16:M16,">0") -> 2 | O16: =COUNTIF(C16:M16,">20") -> 0 | P16: =MAX(C16:M16) -> 0.6 | Q16: =SUM(C16:M16) -> 0.9
B17: Ouidah ville | N17: =COUNTIF(C17:M17,">0") -> 0 | O17: =COUNTIF(C17:M17,">20") -> 0 | P17: =MAX(C17:M17) -> 0 | Q17: =SUM(C17:M17) -> 0
B18: Sékou | N18: =COUNTIF(C18:M18,">0") -> 0 | O18: =COUNTIF(C18:M18,">20") -> 0 | P18: =MAX(C18:M18) -> 0 | Q18: =SUM(C18:M18) -> 0
B19: Toffo | N19: =COUNTIF(C19:M19,">0") -> 0 | O19: =COUNTIF(C19:M19,">20") -> 0 | P19: =MAX(C19:M19) -> 0 | Q19: =SUM(C19:M19) -> 0
B20: Soava Ounmè | N20: =COUNTIF(C20:M20,">0") -> 0 | O20: =COUNTIF(C20:M20,">20") -> 0 | P20: =MAX(C20:M20) -> 0 | Q20: =SUM(C20:M20) -> 0
A23: DEPARTEMENTS | B23: LOCALITES | C23: =C3 -> HAUTEURS JOURNALIERES DE PLUIE : 3ème DECADE DU MOIS DE AOUT 2025
C25: 21 | D25: 22 | E25: 23 | F25: 24 | G25: 25 | H25: 26 | I25: 27 | J25: 28 | K25: 29 | L25: 30 | M25: 31 | N25: NbJP | O25: NbJP ˃ 20mm | P25: Max | Q25: Total
A26: ATACORA-DONGA | B26: Birni | N26: =COUNTIF(C26:M26,">0") -> 0 | O26: =COUNTIF(C26:M26,">20") -> 0 | P26: =MAX(C26:M26) -> 0 | Q26: =SUM(C26:M26) -> 0
B27: Boukoumbé | N27: =COUNTIF(C27:M27,">0") -> 0 | O27: =COUNTIF(C27:M27,">20") -> 0 | P27: =MAX(C27:M27) -> 0 | Q27: =SUM(C27:M27) -> 0
B28: Dassari | C28: 17.4 | D28: 21.2 | E28: 0 | F28: 0 | G28: 0 | H28: 25.8 | I28: 0 | J28: 7.7 | K28: 0 | L28: 0 | M28: 0 | N28: =COUNTIF(C28:M28,">0") -> 4 | O28: =COUNTIF(C28:M28,">20") -> 2 | P28: =MAX(C28:M28) -> 25.8 | Q28: =SUM(C28:M28) -> 72.1
B29: Kérou | C29: 0 | D29: 8.7 | E29: 0 | F29: 0 | G29: 2.8 | H29: 14 | I29: 41 | J29: 0 | K29: 6.8 | L29: 7.2 | M29: 0 | N29: =COUNTIF(C29:M29,">0") -> 6 | O29: =COUNTIF(C29:M29,">20") -> 1 | P29: =MAX(C29:M29) -> 41 | Q29: =SUM(C29:M29) -> 80.5
B30: Kouandé | C30: 42.2 | D30: 14.8 | E30: 0 | F30: 0 | G30: 4.3 | H30: 4.8 | I30: 0 | J30: 32.3 | K30: 3.1 | L30: 13.8 | M30: 0 | N30: =COUNTIF(C30:M30,">0") -> 7 | O30: =COUNTIF(C30:M30,">20") -> 2 | P30: =MAX(C30:M30) -> 42.2 | Q30: =SUM(C30:M30) -> 115.3
B31: Matéri | C31: 0 | D31: 0 | E31: 17.6 | F31: 0 | G31: 0 | H31: 0 | I31: 43.1 | J31: 0 | K31: 0 | L31: 47.7 | M31: 0 | N31: =COUNTIF(C31:M31,">0") -> 3 | O31: =COUNTIF(C31:M31,">20") -> 2 | P31: =MAX(C31:M31) -> 47.7 | Q31: =SUM(C31:M31) -> 108.4
B32: Natitingou | C32: 12.9 | D32: 15.8 | E32: 0 | F32: 0 | G32: 17.1 | H32: 1.8 | I32: 0 | J32: 0 | K32: 19 | L32: 0 | M32: 0 | N32: =COUNTIF(C32:M32,">0") -> 5 | O32: =COUNTIF(C32:M32,">20") -> 0 | P32: =MAX(C32:M32) -> 19 | Q32: =SUM(C32:M32) -> 66.6
B33: Porga | N33: =COUNTIF(C33:M33,">0") -> 0 | O33: =COUNTIF(C33:M33,">20") -> 0 | P33: =MAX(C33:M33) -> 0 | Q33: =SUM(C33:M33) -> 0
B34: Tanguiéta | C34: 2.3 | D34: 10.3 | E34: 0 | F34: 0 | G34: 1.4 | H34: 4.9 | I34: 0 | J34: 0 | K34: 8.2 | L34: 1.9 | M34: 0 | N34: =COUNTIF(C34:M34,">0") -> 6 | O34: =COUNTIF(C34:M34,">20") -> 0 | P34: =MAX(C34:M34) -> 10.3 | Q34: =SUM(C34:M34) -> 29
B35: Péhunco | N35: =COUNTIF(C35:M35,">0") -> 0 | O35: =COUNTIF(C35:M35,">20") -> 0 | P35: =MAX(C35:M35) -> 0 | Q35: =SUM(C35:M35) -> 0
B36: Natitingou-ville | C36: 20.3 | D36: 16.8 | E36: 0 | F36: 0 | G36: 0 | H36: 11.1 | I36: 0 | J36: 0 | K36: 18.9 | L36: 0 | M36: 0.8 | N36: =COUNTIF(C36:M36,">0") -> 5 | O36: =COUNTIF(C36:M36,">20") -> 1 | P36: =MAX(C36:M36) -> 20.3 | Q36: =SUM(C36:M36) -> 67.9
B37: Bassila | C37: 0 | D37: 0 | E37: 24.6 | F37: 0 | G37: 29.2 | H37: 0 | I37: 28.7 | J37: 0 | K37: 0 | L37: 0 | M37: 0 | N37: =COUNTIF(C37:M37,">0") -> 3 | O37: =COUNTIF(C37:M37,">20") -> 3 | P37: =MAX(C37:M37) -> 29.2 | Q37: =SUM(C37:M37) -> 82.5
B38: Djougou | C38: 4.7 | D38: 30.7 | E38: 0 | F38: 0 | G38: 15.9 | H38: 21.1 | I38: 13.2 | J38: 0 | K38: 0 | L38: 0 | M38: 14.9 | N38: =COUNTIF(C38:M38,">0") -> 6 | O38: =COUNTIF(C38:M38,">20") -> 2 | P38: =MAX(C38:M38) -> 30.7 | Q38: =SUM(C38:M38) -> 100.5
B39: Copargo | C39: 32.8 | D39: 14.9 | E39: 0 | F39: 0 | G39: 13.2 | H39: 36.9 | I39: 0 | J39: 0 | K39: 28.5 | L39: 10.2 | M39: 41.3 | N39: =COUNTIF(C39:M39,">0") -> 7 | O39: =COUNTIF(C39:M39,">20") -> 4 | P39: =MAX(C39:M39) -> 41.3 | Q39: =SUM(C39:M39) -> 177.8
B40: Partago | N40: =COUNTIF(C40:M40,">0") -> 0 | O40: =COUNTIF(C40:M40,">20") -> 0 | P40: =MAX(C40:M40) -> 0 | Q40: =SUM(C40:M40) -> 0
B41: Pénessoulou | N41: =COUNTIF(C41:M41,">0") -> 0 | O41: =COUNTIF(C41:M41,">20") -> 0 | P41: =MAX(C41:M41) -> 0 | Q41: =SUM(C41:M41) -> 0
B42: Sémèrè | N42: =COUNTIF(C42:M42,">0") -> 0 | O42: =COUNTIF(C42:M42,">20") -> 0 | P42: =MAX(C42:M42) -> 0 | Q42: =SUM(C42:M42) -> 0
A45: DEPARTEMENTS | B45: LOCALITES | C45: =C3 -> HAUTEURS JOURNALIERES DE PLUIE : 3ème DECADE DU MOIS DE AOUT 2025
C47: 21 | D47: 22 | E47: 23 | F47: 24 | G47: 25 | H47: 26 | I47: 27 | J47: 28 | K47: 29 | L47: 30 | M47: 31 | N47: NbJP | O47: NbJP ˃ 20mm | P47: Max | Q47: Total
A48: BORGOU-ALIBORI | B48: Alfakoara | N48: =COUNTIF(C48:M48,">0") -> 0 | O48: =COUNTIF(C48:M48,">20") -> 0 | P48: =MAX(C48:M48) -> 0 | Q48: =SUM(C48:M48) -> 0
B49: Banikoara | N49: =COUNTIF(C49:M49,">0") -> 0 | O49: =COUNTIF(C49:M49,">20") -> 0 | P49: =MAX(C49:M49) -> 0 | Q49: =SUM(C49:M49) -> 0
B50: Bodjecali | N50: =COUNTIF(C50:M50,">0") -> 0 | O50: =COUNTIF(C50:M50,">20") -> 0 | P50: =MAX(C50:M50) -> 0 | Q50: =SUM(C50:M50) -> 0
B51: Founougo | N51: =COUNTIF(C51:M51,">0") -> 0 | O51: =COUNTIF(C51:M51,">20") -> 0 | P51: =MAX(C51:M51) -> 0 | Q51: =SUM(C51:M51) -> 0
B52: Guéné | N52: =COUNTIF(C52:M52,">0") -> 0 | O52: =COUNTIF(C52:M52,">20") -> 0 | P52: =MAX(C52:M52) -> 0 | Q52: =SUM(C52:M52) -> 0
B53: Kandi | C53: 0 | D53: 19.4 | E53: 0 | F53: 0 | G53: 0 | H53: 0.2 | I53: 0 | J53: 0 | K53: 9 | L53: 0 | M53: 0 | N53: =COUNTIF(C53:M53,">0") -> 3 | O53: =COUNTIF(C53:M53,">20") -> 0 | P53: =MAX(C53:M53) -> 19.4 | Q53: =SUM(C53:M53) -> 28.6
B54: Karimama | C54: 13.9 | D54: 10.6 | E54: 0 | F54: 0 | G54: 0 | H54: 23.4 | I54: 0 | J54: 0 | K54: 0 | L54: 0 | M54: 12 | N54: =COUNTIF(C54:M54,">0") -> 4 | O54: =COUNTIF(C54:M54,">20") -> 1 | P54: =MAX(C54:M54) -> 23.4 | Q54: =SUM(C54:M54) -> 59.9
B55: Malanville | N55: =COUNTIF(C55:M55,">0") -> 0 | O55: =COUNTIF(C55:M55,">20") -> 0 | P55: =MAX(C55:M55) -> 0 | Q55: =SUM(C55:M55) -> 0
B56: Ségbana | C56: 0 | D56: 18.5 | E56: 0 | F56: 8 | G56: 0 | H56: 0 | I56: 0 | J56: 0 | K56: 7.5 | L56: 3.5 | M56: 0 | N56: =COUNTIF(C56:M56,">0") -> 4 | O56: =COUNTIF(C56:M56,">20") -> 0 | P56: =MAX(C56:M56) -> 18.5 | Q56: =SUM(C56:M56) -> 37.5
B57: Alafiarou | C57: 22.2 | D57: 0 | E57: 0 | F57: 0 | G57: 0 | H57: 0 | I57: 0 | J57: 0 | K57: 0 | L57: 0 | M57: 0 | N57: =COUNTIF(C57:M57,">0") -> 1 | O57: =COUNTIF(C57:M57,">20") -> 1 | P57: =MAX(C57:M57) -> 22.2 | Q57: =SUM(C57:M57) -> 22.2
B58: Bembèrèkè | N58: =COUNTIF(C58:M58,">0") -> 0 | O58: =COUNTIF(C58:M58,">20") -> 0 | P58: =MAX(C58:M58) -> 0 | Q58: =SUM(C58:M58) -> 0
B59: Bétérou | N59: =COUNTIF(C59:M59,">0") -> 0 | O59: =COUNTIF(C59:M59,">20") -> 0 | P59: =MAX(C59:M59) -> 0 | Q59: =SUM(C59:M59) -> 0
B60: INA | N60: =COUNTIF(C60:M60,">0") -> 0 | O60: =COUNTIF(C60:M60,">20") -> 0 | P60: =MAX(C60:M60) -> 0 | Q60: =SUM(C60:M60) -> 0
B61: Kalalé | N61: =COUNTIF(C61:M61,">0") -> 0 | O61: =COUNTIF(C61:M61,">20") -> 0 | P61: =MAX(C61:M61) -> 0 | Q61: =SUM(C61:M61) -> 0
B62: Nikki | N62: =COUNTIF(C62:M62,">0") -> 0 | O62: =COUNTIF(C62:M62,">20") -> 0 | P62: =MAX(C62:M62) -> 0 | Q62: =SUM(C62:M62) -> 0
B63: Okpara | N63: =COUNTIF(C63:M63,">0") -> 0 | O63: =COUNTIF(C63:M63,">20") -> 0 | P63: =MAX(C63:M63) -> 0 | Q63: =SUM(C63:M63) -> 0
B64: Parakou | C64: 0 | D64: 0 | E64: 0 | F64: 0 | G64: 0 | H64: 0 | I64: 0 | J64: 0 | K64: 0 | L64: 0 | M64: 0 | N64: =COUNTIF(C64:M64,">0") -> 0 | O64: =COUNTIF(C64:M64,">20") -> 0 | P64: =MAX(C64:M64) -> 0 | Q64: =SUM(C64:M64) -> 0
B65: Tchaourou | N65: =COUNTIF(C65:M65,">0") -> 0 | O65: =COUNTIF(C65:M65,">20") -> 0 | P65: =MAX(C65:M65) -> 0 | Q65: =SUM(C65:M65) -> 0
B66: Alafiarou Nouveau | N66: =COUNTIF(C66:M66,">0") -> 0 | O66: =COUNTIF(C66:M66,">20") -> 0 | P66: =MAX(C66:M66) -> 0 | Q66: =SUM(C66:M66) -> 0
B67: Tourou | N67: =COUNTIF(C67:M67,">0") -> 0 | O67: =COUNTIF(C67:M67,">20") -> 0 | P67: =MAX(C67:M67) -> 0 | Q67: =SUM(C67:M67) -> 0
B68: Sanson | N68: =COUNTIF(C68:M68,">0") -> 0 | O68: =COUNTIF(C68:M68,">20") -> 0 | P68: =MAX(C68:M68) -> 0 | Q68: =SUM(C68:M68) -> 0
B69: Tchaourou-Centre | N69: =COUNTIF(C69:M69,">0") -> 0 | O69: =COUNTIF(C69:M69,">20") -> 0 | P69: =MAX(C69:M69) -> 0 | Q69: =SUM(C69:M69) -> 0
A72: DEPARTEMENTS | B72: LOCALITES | C72: =C3 -> HAUTEURS JOURNALIERES DE PLUIE : 3ème DECADE DU MOIS DE AOUT 2025
C74: 21 | D74: 22 | E74: 23 | F74: 24 | G74: 25 | H74: 26 | I74: 27 | J74: 28 | K74: 29 | L74: 30 | M74: 31 | N74: NbJP | O74: NbJP ˃ 20mm | P74: Max | Q74: Total
A75: MONO-COUFFO | B75: Aplahoué | N75: =COUNTIF(C75:M75,">0") -> 0 | O75: =COUNTIF(C75:M75,">20") -> 0 | P75: =MAX(C75:M75) -> 0 | Q75: =SUM(C75:M75) -> 0
B76: Dogbo | C76: 0 | D76: 0 | E76: 0 | F76: 0 | G76: 0 | H76: 0 | I76: 0 | J76: 0 | K76: 0 | L76: 0 | M76: 0 | N76: =COUNTIF(C76:M76,">0") -> 0 | O76: =COUNTIF(C76:M76,">20") -> 0 | P76: =MAX(C76:M76) -> 0 | Q76: =SUM(C76:M76) -> 0
B77: Klouekamey | N77: =COUNTIF(C77:M77,">0") -> 0 | O77: =COUNTIF(C77:M77,">20") -> 0 | P77: =MAX(C77:M77) -> 0 | Q77: =SUM(C77:M77) -> 0
B78: Lonkly | N78: =COUNTIF(C78:M78,">0") -> 0 | O78: =COUNTIF(C78:M78,">20") -> 0 | P78: =MAX(C78:M78) -> 0 | Q78: =SUM(C78:M78) -> 0
B79: Atomey | N79: =COUNTIF(C79:M79,">0") -> 0 | O79: =COUNTIF(C79:M79,">20") -> 0 | P79: =MAX(C79:M79) -> 0 | Q79: =SUM(C79:M79) -> 0
B80: Voly | N80: =COUNTIF(C80:M80,">0") -> 0 | O80: =COUNTIF(C80:M80,">20") -> 0 | P80: =MAX(C80:M80) -> 0 | Q80: =SUM(C80:M80) -> 0
B81: Athiémé | N81: =COUNTIF(C81:M81,">0") -> 0 | O81: =COUNTIF(C81:M81,">20") -> 0 | P81: =MAX(C81:M81) -> 0 | Q81: =SUM(C81:M81) -> 0
B82: Bopa | C82: 0 | D82: 0 | E82: 0 | F82: 0 | G82: 0 | H82: 0 | I82: 0 | J82: 0 | K82: 0 | L82: 0 | M82: 0 | N82: =COUNTIF(C82:M82,">0") -> 0 | O82: =COUNTIF(C82:M82,">20") -> 0 | P82: =MAX(C82:M82) -> 0 | Q82: =SUM(C82:M82) -> 0
B83: Comè | N83: =COUNTIF(C83:M83,">0") -> 0 | O83: =COUNTIF(C83:M83,">20") -> 0 | P83: =MAX(C83:M83) -> 0 | Q83: =SUM(C83:M83) -> 0
B84: Grand-popo | N84: =COUNTIF(C84:M84,">0") -> 0 | O84: =COUNTIF(C84:M84,">20") -> 0 | P84: =MAX(C84:M84) -> 0 | Q84: =SUM(C84:M84) -> 0
B85: Houin-Agamè | C85: 0 | D85: 0 | E85: 0 | F85: 0 | G85: 0 | H85: 0 | I85: 0 | J85: 0 | K85: 0 | L85: 0 | M85: 0 | N85: =COUNTIF(C85:M85,">0") -> 0 | O85: =COUNTIF(C85:M85,">20") -> 0 | P85: =MAX(C85:M85) -> 0 | Q85: =SUM(C85:M85) -> 0
B86: Kpinnou | N86: =COUNTIF(C86:M86,">0") -> 0 | O86: =COUNTIF(C86:M86,">20") -> 0 | P86: =MAX(C86:M86) -> 0 | Q86: =SUM(C86:M86) -> 0
B87: Lokossa | N87: =COUNTIF(C87:M87,">0") -> 0 | O87: =COUNTIF(C87:M87,">20") -> 0 | P87: =MAX(C87:M87) -> 0 | Q87: =SUM(C87:M87) -> 0
B88: Adohoun | N88: =COUNTIF(C88:M88,">0") -> 0 | O88: =COUNTIF(C88:M88,">20") -> 0 | P88: =MAX(C88:M88) -> 0 | Q88: =SUM(C88:M88) -> 0
B89: Dedepkoe | N89: =COUNTIF(C89:M89,">0") -> 0 | O89: =COUNTIF(C89:M89,">20") -> 0 | P89: =MAX(C89:M89) -> 0 | Q89: =SUM(C89:M89) -> 0
B90: Labavè | N90: =COUNTIF(C90:M90,">0") -> 0 | O90: =COUNTIF(C90:M90,">20") -> 0 | P90: =MAX(C90:M90) -> 0 | Q90: =SUM(C90:M90) -> 0
B91: Sehomi | C91: 0 | D91: 0 | E91: 0 | F91: 0 | G91: 0 | H91: 0 | I91: 7.4 | J91: 0 | K91: 0 | L91: 0 | M91: 0 | N91: =COUNTIF(C91:M91,">0") -> 1 | O91: =COUNTIF(C91:M91,">20") -> 0 | P91: =MAX(C91:M91) -> 7.4 | Q91: =SUM(C91:M91) -> 7.4
A94: DEPARTEMENTS | B94: LOCALITES | C94: =C3 -> HAUTEURS JOURNALIERES DE PLUIE : 3ème DECADE DU MOIS DE AOUT 2025
C96: 21 | D96: 22 | E96: 23 | F96: 24 | G96: 25 | H96: 26 | I96: 27 | J96: 28 | K96: 29 | L96: 30 | M96: 31 | N96: NbJP | O96: NbJP ˃ 20mm | P96: Max | Q96: Total
A97: OUEME-PLATEAU | B97: Adjohoun | C97: 0 | D97: 0 | E97: 0 | F97: 0 | G97: 0 | H97: 0 | I97: 0 | J97: 0 | K97: 0 | L97: 0 | M97: 0 | N97: =COUNTIF(C97:M97,">0") -> 0 | O97: =COUNTIF(C97:M97,">20") -> 0 | P97: =MAX(C97:M97) -> 0 | Q97: =SUM(C97:M97) -> 0
B98: Avrankou | N98: =COUNTIF(C98:M98,">0") -> 0 | O98: =COUNTIF(C98:M98,">20") -> 0 | P98: =MAX(C98:M98) -> 0 | Q98: =SUM(C98:M98) -> 0
B99: Bonou | N99: =COUNTIF(C99:M99,">0") -> 0 | O99: =COUNTIF(C99:M99,">20") -> 0 | P99: =MAX(C99:M99) -> 0 | Q99: =SUM(C99:M99) -> 0
B100: Dangbo | N100: =COUNTIF(C100:M100,">0") -> 0 | O100: =COUNTIF(C100:M100,">20") -> 0 | P100: =MAX(C100:M100) -> 0 | Q100: =SUM(C100:M100) -> 0
B101: Ouando | N101: =COUNTIF(C101:M101,">0") -> 0 | O101: =COUNTIF(C101:M101,">20") -> 0 | P101: =MAX(C101:M101) -> 0 | Q101: =SUM(C101:M101) -> 0
B102: Porto-Novo | N102: =COUNTIF(C102:M102,">0") -> 0 | O102: =COUNTIF(C102:M102,">20") -> 0 | P102: =MAX(C102:M102) -> 0 | Q102: =SUM(C102:M102) -> 0
B103: Sèmè-Cocotier | N103: =COUNTIF(C103:M103,">0") -> 0 | O103: =COUNTIF(C103:M103,">20") -> 0 | P103: =MAX(C103:M103) -> 0 | Q103: =SUM(C103:M103) -> 0
B104: Tchaada | N104: =COUNTIF(C104:M104,">0") -> 0 | O104: =COUNTIF(C104:M104,">20") -> 0 | P104: =MAX(C104:M104) -> 0 | Q104: =SUM(C104:M104) -> 0
B105: Kétou | N105: =COUNTIF(C105:M105,">0") -> 0 | O105: =COUNTIF(C105:M105,">20") -> 0 | P105: =MAX(C105:M105) -> 0 | Q105: =SUM(C105:M105) -> 0
B106: Pobè | N106: =COUNTIF(C106:M106,">0") -> 0 | O106: =COUNTIF(C106:M106,">20") -> 0 | P106: =MAX(C106:M106) -> 0 | Q106: =SUM(C106:M106) -> 0
B107: Sakété | N107: =COUNTIF(C107:M107,">0") -> 0 | O107: =COUNTIF(C107:M107,">20") -> 0 | P107: =MAX(C107:M107) -> 0 | Q107: =SUM(C107:M107) -> 0
B108: Effehoute | N108: =COUNTIF(C108:M108,">0") -> 0 | O108: =COUNTIF(C108:M108,">20") -> 0 | P108: =MAX(C108:M108) -> 0 | Q108: =SUM(C108:M108) -> 0
B109: Ketou-Centre | N109: =COUNTIF(C109:M109,">0") -> 0 | O109: =COUNTIF(C109:M109,">20") -> 0 | P109: =MAX(C109:M109) -> 0 | Q109: =SUM(C109:M109) -> 0
A112: DEPARTEMENTS | B112: LOCALITES | C112: =C3 -> HAUTEURS JOURNALIERES DE PLUIE : 3ème DECADE DU MOIS DE AOUT 2025
C114: 21 | D114: 22 | E114: 23 | F114: 24 | G114: 25 | H114: 26 | I114: 27 | J114: 28 | K114: 29 | L114: 30 | M114: 31 | N114: NbJP | O114: NbJP ˃ 20mm | P114: Max | Q114: Total
A115: ZOU-COLLINE | B115: Agouna | N115: =COUNTIF(C115:M115,">0") -> 0 | O115: =COUNTIF(C115:M115,">20") -> 0 | P115: =MAX(C115:M115) -> 0 | Q115: =SUM(C115:M115) -> 0
B116: Aklampa | N116: =COUNTIF(C116:M116,">0") -> 0 | O116: =COUNTIF(C116:M116,">20") -> 0 | P116: =MAX(C116:M116) -> 0 | Q116: =SUM(C116:M116) -> 0
B117: Bantè | N117: =COUNTIF(C117:M117,">0") -> 0 | O117: =COUNTIF(C117:M117,">20") -> 0 | P117: =MAX(C117:M117) -> 0 | Q117: =SUM(C117:M117) -> 0
B118: Dassa-Zoumè | C118: 0 | D118: 0 | E118: 0 | F118: 0 | G118: 0 | H118: 0 | I118: 0 | J118: 0 | K118: 0 | L118: 0 | M118: 0 | N118: =COUNTIF(C118:M118,">0") -> 0 | O118: =COUNTIF(C118:M118,">20") -> 0 | P118: =MAX(C118:M118) -> 0 | Q118: =SUM(C118:M118) -> 0
...

Sheet Cumul
B2: REPUBLIQUE DU BENIN
B3: MINISTERE DES TRAVAUX PUBLICS ET DES TRANSPORTS
B4: DIRECTION NATIONALE DE LA METEOROLOGIE
B5: DEPARTEMENTS | C5: LOCALITES | D5: CUMUL PLUVIOMETRIQUE MENSUEL: AOUT 2024
D6: 1ère décade | H6: 2ème décade | L6: 3ème décade | P6: Total
D7: NbJP | E7: NbJP > 20 mm | F7: Max | G7: Total (mm) | H7: NbJP | I7: NbJP > 20 mm | J7: Max | K7: Total (mm) | L7: NbJP | M7: NbJP > 20 mm | N7: Max | O7: Total (mm) | P7: NbJP | Q7: NbJP > 20 mm | R7: Max | S7: Total (mm)
B8: ATLANTIQUE-LITTORAL | C8: Agonkanmey | D8: =Decade1!M7 -> 0 | E8: =Decade1!N7 -> 0 | F8: =Decade1!O7 -> 0 | G8: =Decade1!P7 -> 0 | H8: =Decade2!M5 -> 0 | I8: =Decade2!N5 -> 0 | J8: =Decade2!O5 -> 0 | K8: =Decade2!P5 -> 0 | L8: =Decade3!N6 -> 0 | M8: =Decade3!O6 -> 0 | N8: =Decade3!P6 -> 0 | O8: =Decade3!Q6 -> 0 | P8: =SUM(D8,H8,L8) -> 0 | Q8: =SUM(E8,I8,M8) -> 0 | R8: =MAX(F8,J8,N8) -> 0 | S8: =SUM(G8,K8,O8) -> 0
C9: Cotonou-Aero | D9: =Decade1!M8 -> 1 | E9: =Decade1!N8 -> 0 | F9: =Decade1!O8 -> 1.7 | G9: =Decade1!P8 -> 1.7 | H9: =Decade2!M6 -> 0 | I9: =Decade2!N6 -> 0 | J9: =Decade2!O6 -> 0 | K9: =Decade2!P6 -> 0 | L9: =Decade3!N7 -> 2 | M9: =Decade3!O7 -> 0 | N9: =Decade3!P7 -> 0.4 | O9: =Decade3!Q7 -> 0.8 | P9: =SUM(D9,H9,L9) -> 3 | Q9: =SUM(E9,I9,M9) -> 0 | R9: =MAX(F9,J9,N9) -> 1.7 | S9: =SUM(G9,K9,O9) -> 2.5
C10: Cotonou-Commis. | D10: =Decade1!M9 -> 1 | E10: =Decade1!N9 -> 0 | F10: =Decade1!O9 -> 2.2 | G10: =Decade1!P9 -> 2.2 | H10: =Decade2!M7 -> 0 | I10: =Decade2!N7 -> 0 | J10: =Decade2!O7 -> 0 | K10: =Decade2!P7 -> 0 | L10: =Decade3!N8 -> 0 | M10: =Decade3!O8 -> 0 | N10: =Decade3!P8 -> 0 | O10: =Decade3!Q8 -> 0 | P10: =SUM(D10,H10,L10) -> 1 | Q10: =SUM(E10,I10,M10) -> 0 | R10: =MAX(F10,J10,N10) -> 2.2 | S10: =SUM(G10,K10,O10) -> 2.2
C11: Cotonou-Ville | D11: =Decade1!M10 -> 0 | E11: =Decade1!N10 -> 0 | F11: =Decade1!O10 -> 0 | G11: =Decade1!P10 -> 0 | H11: =Decade2!M8 -> 0 | I11: =Decade2!N8 -> 0 | J11: =Decade2!O8 -> 0 | K11: =Decade2!P8 -> 0 | L11: =Decade3!N9 -> 0 | M11: =Decade3!O9 -> 0 | N11: =Decade3!P9 -> 0 | O11: =Decade3!Q9 -> 0 | P11: =SUM(D11,H11,L11) -> 0 | Q11: =SUM(E11,I11,M11) -> 0 | R11: =MAX(F11,J11,N11) -> 0 | S11: =SUM(G11,K11,O11) -> 0
C12: Cotonou-Port | D12: =Decade1!M11 -> 0 | E12: =Decade1!N11 -> 0 | F12: =Decade1!O11 -> 0 | G12: =Decade1!P11 -> 0 | H12: =Decade2!M9 -> 0 | I12: =Decade2!N9 -> 0 | J12: =Decade2!O9 -> 0 | K12: =Decade2!P9 -> 0 | L12: =Decade3!N10 -> 0 | M12: =Decade3!O10 -> 0 | N12: =Decade3!P10 -> 0 | O12: =Decade3!Q10 -> 0 | P12: =SUM(D12,H12,L12) -> 0 | Q12: =SUM(E12,I12,M12) -> 0 | R12: =MAX(F12,J12,N12) -> 0 | S12: =SUM(G12,K12,O12) -> 0
C13: Cotonou-Akpakpa | D13: =Decade1!M12 -> 0 | E13: =Decade1!N12 -> 0 | F13: =Decade1!O12 -> 0 | G13: =Decade1!P12 -> 0 | H13: =Decade2!M10 -> 0 | I13: =Decade2!N10 -> 0 | J13: =Decade2!O10 -> 0 | K13: =Decade2!P10 -> 0 | L13: =Decade3!N11 -> 0 | M13: =Decade3!O11 -> 0 | N13: =Decade3!P11 -> 0 | O13: =Decade3!Q11 -> 0 | P13: =SUM(D13,H13,L13) -> 0 | Q13: =SUM(E13,I13,M13) -> 0 | R13: =MAX(F13,J13,N13) -> 0 | S13: =SUM(G13,K13,O13) -> 0
C14: Cotonou Ste Cécile | D14: =Decade1!M13 -> 0 | E14: =Decade1!N13 -> 0 | F14: =Decade1!O13 -> 0 | G14: =Decade1!P13 -> 0 | H14: =Decade2!M11 -> 0 | I14: =Decade2!N11 -> 0 | J14: =Decade2!O11 -> 0 | K14: =Decade2!P11 -> 0 | L14: =Decade3!N12 -> 0 | M14: =Decade3!O12 -> 0 | N14: =Decade3!P12 -> 0 | O14: =Decade3!Q12 -> 0 | P14: =SUM(D14,H14,L14) -> 0 | Q14: =SUM(E14,I14,M14) -> 0 | R14: =MAX(F14,J14,N14) -> 0 | S14: =SUM(G14,K14,O14) -> 0
C15: Akossombo | D15: =Decade1!M14 -> 0 | E15: =Decade1!N14 -> 0 | F15: =Decade1!O14 -> 0 | G15: =Decade1!P14 -> 0 | H15: =Decade2!M12 -> 0 | I15: =Decade2!N12 -> 0 | J15: =Decade2!O12 -> 0 | K15: =Decade2!P12 -> 0 | L15: =Decade3!N13 -> 0 | M15: =Decade3!O13 -> 0 | N15: =Decade3!P13 -> 0 | O15: =Decade3!Q13 -> 0 | P15: =SUM(D15,H15,L15) -> 0 | Q15: =SUM(E15,I15,M15) -> 0 | R15: =MAX(F15,J15,N15) -> 0 | S15: =SUM(G15,K15,O15) -> 0
C16: Allada | D16: =Decade1!M15 -> 0 | E16: =Decade1!N15 -> 0 | F16: =Decade1!O15 -> 0 | G16: =Decade1!P15 -> 0 | H16: =Decade2!M13 -> 0 | I16: =Decade2!N13 -> 0 | J16: =Decade2!O13 -> 0 | K16: =Decade2!P13 -> 0 | L16: =Decade3!N14 -> 0 | M16: =Decade3!O14 -> 0 | N16: =Decade3!P14 -> 0 | O16: =Decade3!Q14 -> 0 | P16: =SUM(D16,H16,L16) -> 0 | Q16: =SUM(E16,I16,M16) -> 0 | R16: =MAX(F16,J16,N16) -> 0 | S16: =SUM(G16,K16,O16) -> 0
C17: Niaouli | D17: =Decade1!M16 -> 0 | E17: =Decade1!N16 -> 0 | F17: =Decade1!O16 -> 0 | G17: =Decade1!P16 -> 0 | H17: =Decade2!M14 -> 0 | I17: =Decade2!N14 -> 0 | J17: =Decade2!O14 -> 0 | K17: =Decade2!P14 -> 0 | L17: =Decade3!N15 -> 0 | M17: =Decade3!O15 -> 0 | N17: =Decade3!P15 -> 0 | O17: =Decade3!Q15 -> 0 | P17: =SUM(D17,H17,L17) -> 0 | Q17: =SUM(E17,I17,M17) -> 0 | R17: =MAX(F17,J17,N17) -> 0 | S17: =SUM(G17,K17,O17) -> 0
C18: Ouidah-Nord | D18: =Decade1!M17 -> 0 | E18: =Decade1!N17 -> 0 | F18: =Decade1!O17 -> 0 | G18: =Decade1!P17 -> 0 | H18: =Decade2!M15 -> 1 | I18: =Decade2!N15 -> 0 | J18: =Decade2!O15 -> 0.3 | K18: =Decade2!P15 -> 0.3 | L18: =Decade3!N16 -> 2 | M18: =Decade3!O16 -> 0 | N18: =Decade3!P16 -> 0.6 | O18: =Decade3!Q16 -> 0.9 | P18: =SUM(D18,H18,L18) -> 3 | Q18: =SUM(E18,I18,M18) -> 0 | R18: =MAX(F18,J18,N18) -> 0.6 | S18: =SUM(G18,K18,O18) -> 1.2
C19: Ouidah-Ville | D19: =Decade1!M18 -> 0 | E19: =Decade1!N18 -> 0 | F19: =Decade1!O18 -> 0 | G19: =Decade1!P18 -> 0 | H19: =Decade2!M16 -> 0 | I19: =Decade2!N16 -> 0 | J19: =Decade2!O16 -> 0 | K19: =Decade2!P16 -> 0 | L19: =Decade3!N17 -> 0 | M19: =Decade3!O17 -> 0 | N19: =Decade3!P17 -> 0 | O19: =Decade3!Q17 -> 0 | P19: =SUM(D19,H19,L19) -> 0 | Q19: =SUM(E19,I19,M19) -> 0 | R19: =MAX(F19,J19,N19) -> 0 | S19: =SUM(G19,K19,O19) -> 0
C20: Sékou | D20: =Decade1!M19 -> 0 | E20: =Decade1!N19 -> 0 | F20: =Decade1!O19 -> 0 | G20: =Decade1!P19 -> 0 | H20: =Decade2!M17 -> 0 | I20: =Decade2!N17 -> 0 | J20: =Decade2!O17 -> 0 | K20: =Decade2!P17 -> 0 | L20: =Decade3!N18 -> 0 | M20: =Decade3!O18 -> 0 | N20: =Decade3!P18 -> 0 | O20: =Decade3!Q18 -> 0 | P20: =SUM(D20,H20,L20) -> 0 | Q20: =SUM(E20,I20,M20) -> 0 | R20: =MAX(F20,J20,N20) -> 0 | S20: =SUM(G20,K20,O20) -> 0
... C22: Soava Ounmè | D22: =Decade1!M21 -> 0 | E22: =Decade1!N21 -> 0 | F22: =Decade1!O21 -> 0 | G22: =Decade1!P21 -> 0 | H22: =Decade2!M19 -> 0 | I22: =Decade2!N19 -> 0 | J22: =Decade2!O19 -> 0 | K22: =Decade2!P19 -> 0 | L22: =Decade3!N20 -> 0 | M22: =Decade3!O20 -> 0 | N22: =Decade3!P20 -> 0 | O22: =Decade3!Q20 -> 0 | P22: =SUM(D22,H22,L22) -> 0 | Q22: =SUM(E22,I22,M22) -> 0 | R22: =MAX(F22,J22,N22) -> 0 | S22: =SUM(G22,K22,O22) -> 0
B24: LEGENDE: NbJP= nombre de jours de pluie
B32: REPUBLIQUE DU BENIN
B33: MINISTERE DES TRAVAUX PUBLICS ET DES TRANSPORTS
B34: DIRECTION NATIONALE DE LA METEOROLOGIE
B35: DEPARTEMENTS | C35: LOCALITES | D35: =D5 -> CUMUL PLUVIOMETRIQUE MENSUEL: AOUT 2024
D36: 1ère décade | H36: 2ème décade | L36: 3ème décade | P36: Total
D37: NbJP | E37: NbJP > 20 mm | F37: Max | G37: Total (mm) | H37: NbJP | I37: NbJP > 20 mm | J37: Max | K37: Total (mm) | L37: NbJP | M37: NbJP > 20 mm | N37: Max | O37: Total (mm) | P37: NbJP | Q37: NbJP > 20 mm | R37: Max | S37: Total (mm)
B38: ATACORA - DONGA | C38: Birni | D38: =Decade1!M31 -> 0 | E38: =Decade1!N31 -> 0 | F38: =Decade1!O31 -> 0 | G38: =Decade1!P31 -> 0 | H38: =Decade2!M25 -> 6 | I38: =Decade2!N25 -> 3 | J38: =Decade2!O25 -> 31 | K38: =Decade2!P25 -> 104 | L38: =Decade3!N26 -> 0 | M38: =Decade3!O26 -> 0 | N38: =Decade3!P26 -> 0 | O38: =Decade3!Q26 -> 0 | P38: =SUM(D38,H38,L38) -> 6 | Q38: =SUM(E38,I38,M38) -> 3 | R38: =MAX(F38,J38,N38) -> 31 | S38: =SUM(G38,K38,O38) -> 104
C39: Boukoumbé | D39: =Decade1!M32 -> 5 | E39: =Decade1!N32 -> 3 | F39: =Decade1!O32 -> 62.8 | G39: =Decade1!P32 -> 117.3 | H39: =Decade2!M26 -> 4 | I39: =Decade2!N26 -> 2 | J39: =Decade2!O26 -> 32.8 | K39: =Decade2!P26 -> 80.5 | L39: =Decade3!N27 -> 0 | M39: =Decade3!O27 -> 0 | N39: =Decade3!P27 -> 0 | O39: =Decade3!Q27 -> 0 | P39: =SUM(D39,H39,L39) -> 9 | Q39: =SUM(E39,I39,M39) -> 5 | R39: =MAX(F39,J39,N39) -> 62.8 | S39: =SUM(G39,K39,O39) -> 197.8
C40: Dassari | D40: =Decade1!M33 -> 0 | E40: =Decade1!N33 -> 0 | F40: =Decade1!O33 -> 0 | G40: =Decade1!P33 -> 0 | H40: =Decade2!M27 -> 7 | I40: =Decade2!N27 -> 2 | J40: =Decade2!O27 -> 70.1 | K40: =Decade2!P27 -> 150.8 | L40: =Decade3!N28 -> 4 | M40: =Decade3!O28 -> 2 | N40: =Decade3!P28 -> 25.8 | O40: =Decade3!Q28 -> 72.1 | P40: =SUM(D40,H40,L40) -> 11 | Q40: =SUM(E40,I40,M40) -> 4 | R40: =MAX(F40,J40,N40) -> 70.1 | S40: =SUM(G40,K40,O40) -> 222.9
C41: Kérou | D41: =Decade1!M34 -> 7 | E41: =Decade1!N34 -> 0 | F41: =Decade1!O34 -> 19.2 | G41: =Decade1!P34 -> 79.6 | H41: =Decade2!M28 -> 5 | I41: =Decade2!N28 -> 4 | J41: =Decade2!O28 -> 57.8 | K41: =Decade2!P28 -> 166.2 | L41: =Decade3!N29 -> 6 | M41: =Decade3!O29 -> 1 | N41: =Decade3!P29 -> 41 | O41: =Decade3!Q29 -> 80.5 | P41: =SUM(D41,H41,L41) -> 18 | Q41: =SUM(E41,I41,M41) -> 5 | R41: =MAX(F41,J41,N41) -> 57.8 | S41: =SUM(G41,K41,O41) -> 326.3
C42: Kouandé | D42: =Decade1!M35 -> 0 | E42: =Decade1!N35 -> 0 | F42: =Decade1!O35 -> 0 | G42: =Decade1!P35 -> 0 | H42: =Decade2!M29 -> 6 | I42: =Decade2!N29 -> 2 | J42: =Decade2!O29 -> 65 | K42: =Decade2!P29 -> 122.7 | L42: =Decade3!N30 -> 7 | M42: =Decade3!O30 -> 2 | N42: =Decade3!P30 -> 42.2 | O42: =Decade3!Q30 -> 115.3 | P42: =SUM(D42,H42,L42) -> 13 | Q42: =SUM(E42,I42,M42) -> 4 | R42: =MAX(F42,J42,N42) -> 65 | S42: =SUM(G42,K42,O42) -> 238
C43: Matéri | D43: =Decade1!M36 -> 5 | E43: =Decade1!N36 -> 4 | F43: =Decade1!O36 -> 54.6 | G43: =Decade1!P36 -> 176 | H43: =Decade2!M30 -> 3 | I43: =Decade2!N30 -> 1 | J43: =Decade2!O30 -> 68.9 | K43: =Decade2!P30 -> 104.3 | L43: =Decade3!N31 -> 3 | M43: =Decade3!O31 -> 2 | N43: =Decade3!P31 -> 47.7 | O43: =Decade3!Q31 -> 108.4 | P43: =SUM(D43,H43,L43) -> 11 | Q43: =SUM(E43,I43,M43) -> 7 | R43: =MAX(F43,J43,N43) -> 68.9 | S43: =SUM(G43,K43,O43) -> 388.7
C44: Natitingou | D44: =Decade1!M37 -> 6 | E44: =Decade1!N37 -> 2 | F44: =Decade1!O37 -> 122 | G44: =Decade1!P37 -> 180.3 | H44: =Decade2!M31 -> 7 | I44: =Decade2!N31 -> 3 | J44: =Decade2!O31 -> 43.1 | K44: =Decade2!P31 -> 124.1 | L44: =Decade3!N32 -> 5 | M44: =Decade3!O32 -> 0 | N44: =Decade3!P32 -> 19 | O44: =Decade3!Q32 -> 66.6 | P44: =SUM(D44,H44,L44) -> 18 | Q44: =SUM(E44,I44,M44) -> 5 | R44: =MAX(F44,J44,N44) -> 122 | S44: =SUM(G44,K44,O44) -> 371
C45: Porga | D45: =Decade1!M38 -> 0 | E45: =Decade1!N38 -> 0 | F45: =Decade1!O38 -> 0 | G45: =Decade1!P38 -> 0 | H45: =Decade2!M32 -> 0 | I45: =Decade2!N32 -> 0 | J45: =Decade2!O32 -> 0 | K45: =Decade2!P32 -> 0 | L45: =Decade3!N33 -> 0 | M45: =Decade3!O33 -> 0 | N45: =Decade3!P33 -> 0 | O45: =Decade3!Q33 -> 0 | P45: =SUM(D45,H45,L45) -> 0 | Q45: =SUM(E45,I45,M45) -> 0 | R45: =MAX(F45,J45,N45) -> 0 | S45: =SUM(G45,K45,O45) -> 0
C46: Tanguieta | D46: =Decade1!M39 -> 0 | E46: =Decade1!N39 -> 0 | F46: =Decade1!O39 -> 0 | G46: =Decade1!P39 -> 0 | H46: =Decade2!M33 -> 0 | I46: =Decade2!N33 -> 0 | J46: =Decade2!O33 -> 0 | K46: =Decade2!P33 -> 0 | L46: =Decade3!N34 -> 6 | M46: =Decade3!O34 -> 0 | N46: =Decade3!P34 -> 10.3 | O46: =Decade3!Q34 -> 29 | P46: =SUM(D46,H46,L46) -> 6 | Q46: =SUM(E46,I46,M46) -> 0 | R46: =MAX(F46,J46,N46) -> 10.3 | S46: =SUM(G46,K46,O46) -> 29
C47: Péhunco | D47: =Decade1!M40 -> 5 | E47: =Decade1!N40 -> 0 | F47: =Decade1!O40 -> 19.6 | G47: =Decade1!P40 -> 50.1 | H47: =Decade2!M34 -> 3 | I47: =Decade2!N34 -> 2 | J47: =Decade2!O34 -> 90.9 | K47: =Decade2!P34 -> 125.3 | L47: =Decade3!N35 -> 0 | M47: =Decade3!O35 -> 0 | N47: =Decade3!P35 -> 0 | O47: =Decade3!Q35 -> 0 | P47: =SUM(D47,H47,L47) -> 8 | Q47: =SUM(E47,I47,M47) -> 2 | R47: =MAX(F47,J47,N47) -> 90.9 | S47: =SUM(G47,K47,O47) -> 175.4
C48: Natitingou ville | D48: =Decade1!M41 -> 0 | E48: =Decade1!N41 -> 0 | F48: =Decade1!O41 -> 0 | G48: =Decade1!P41 -> 0 | H48: =Decade2!M35 -> 0 | I48: =Decade2!N35 -> 0 | J48: =Decade2!O35 -> 0 | K48: =Decade2!P35 -> 0 | L48: =Decade3!N36 -> 5 | M48: =Decade3!O36 -> 1 | N48: =Decade3!P36 -> 20.3 | O48: =Decade3!Q36 -> 67.9 | P48: =SUM(D48,H48,L48) -> 5 | Q48: =SUM(E48,I48,M48) -> 1 | R48: =MAX(F48,J48,N48) -> 20.3 | S48: =SUM(G48,K48,O48) -> 67.9
C49: Bassila | D49: =Decade1!M42 -> 4 | E49: =Decade1!N42 -> 1 | F49: =Decade1!O42 -> 64 | G49: =Decade1!P42 -> 89.6 | H49: =Decade2!M36 -> 2 | I49: =Decade2!N36 -> 0 | J49: =Decade2!O36 -> 3.7 | K49: =Decade2!P36 -> 6.1 | L49: =Decade3!N37 -> 3 | M49: =Decade3!O37 -> 3 | N49: =Decade3!P37 -> 29.2 | O49: =Decade3!Q37 -> 82.5 | P49: =SUM(D49,H49,L49) -> 9 | Q49: =SUM(E49,I49,M49) -> 4 | R49: =MAX(F49,J49,N49) -> 64 | S49: =SUM(G49,K49,O49) -> 178.2
C50: Djougou | D50: =Decade1!M43 -> 6 | E50: =Decade1!N43 -> 2 | F50: =Decade1!O43 -> 27.4 | G50: =Decade1!P43 -> 77.5 | H50: =Decade2!M37 -> 0 | I50: =Decade2!N37 -> 0 | J50: =Decade2!O37 -> 0 | K50: =Decade2!P37 -> 0 | L50: =Decade3!N38 -> 6 | M50: =Decade3!O38 -> 2 | N50: =Decade3!P38 -> 30.7 | O50: =Decade3!Q38 -> 100.5 | P50: =SUM(D50,H50,L50) -> 12 | Q50: =SUM(E50,I50,M50) -> 4 | R50: =MAX(F50,J50,N50) -> 30.7 | S50: =SUM(G50,K50,O50) -> 178
... C52: Partago | D52: =Decade1!M45 -> 0 | E52: =Decade1!N45 -> 0 | F52: =Decade1!O45 -> 0 | G52: =Decade1!P45 -> 0 | H52: =Decade2!M39 -> 4 | I52: =Decade2!N39 -> 3 | J52: =Decade2!O39 -> 63.7 | K52: =Decade2!P39 -> 131.2 | L52: =Decade3!N40 -> 0 | M52: =Decade3!O40 -> 0 | N52: =Decade3!P40 -> 0 | O52: =Decade3!Q40 -> 0 | P52: =SUM(D52,H52,L52) -> 4 | Q52: =SUM(E52,I52,M52) -> 3 | R52: =MAX(F52,J52,N52) -> 63.7 | S52: =SUM(G52,K52,O52) -> 131.2
C53: Pénessoulou | D53: =Decade1!M46 -> 5 | E53: =Decade1!N46 -> 1 | F53: =Decade1!O46 -> 24.5 | G53: =Decade1!P46 -> 43.9 | H53: =Decade2!M41 -> 5 | I53: =Decade2!N41 -> 1 | J53: =Decade2!O41 -> 56.5 | K53: =Decade2!P41 -> 95.5 | L53: =Decade3!N41 -> 0 | M53: =Decade3!O41 -> 0 | N53: =Decade3!P41 -> 0 | O53: =Decade3!Q41 -> 0 | P53: =SUM(D53,H53,L53) -> 10 | Q53: =SUM(E53,I53,M53) -> 2 | R53: =MAX(F53,J53,N53) -> 56.5 | S53: =SUM(G53,K53,O53) -> 139.4
C54: Sémèrè | D54: =Decade1!M47 -> 0 | E54: =Decade1!N47 -> 0 | F54: =Decade1!O47 -> 0 | G54: =Decade1!P47 -> 0 | H54: =Decade2!M42 -> 0 | I54: =Decade2!N42 -> 0 | J54: =Decade2!O42 -> 0 | K54: =Decade2!P42 -> 0 | L54: =Decade3!N42 -> 0 | M54: =Decade3!O42 -> 0 | N54: =Decade3!P42 -> 0 | O54: =Decade3!Q42 -> 0 | P54: =SUM(D54,H54,L54) -> 0 | Q54: =SUM(E54,I54,M54) -> 0 | R54: =MAX(F54,J54,N54) -> 0 | S54: =SUM(G54,K54,O54) -> 0
B56: LEGENDE: NbJP= nombre de jours de pluie
B58: REPUBLIQUE DU BENIN
B59: MINISTERE DES TRAVAUX PUBLICS ET DES TRANSPORTS
B60: DIRECTION NATIONALE DE LA METEOROLOGIE
B61: DEPARTEMENTS | C61: LOCALITES | D61: =D35 -> CUMUL PLUVIOMETRIQUE MENSUEL: AOUT 2024
D62: 1ère décade | H62: 2ème décade | L62: 3ème décade | P62: Total
D63: NbJP | E63: NbJP > 20 mm | F63: Max | G63: Total (mm) | H63: NbJP | I63: NbJP > 20 mm | J63: Max | K63: Total (mm) | L63: NbJP | M63: NbJP > 20 mm | N63: Max | O63: Total (mm) | P63: NbJP | Q63: NbJP > 20 mm | R63: Max | S63: Total (mm)
B64: BORGOU -ALIBORI | C64: Alfakoara | D64: =Decade1!M55 -> 0 | E64: =Decade1!N55 -> 0 | F64: =Decade1!O55 -> 0 | G64: =Decade1!P55 -> 0 | H64: =Decade2!M48 -> 0 | I64: =Decade2!N48 -> 0 | J64: =Decade2!O48 -> 0 | K64: =Decade2!P48 -> 0 | L64: =Decade3!N48 -> 0 | M64: =Decade3!O48 -> 0 | N64: =Decade3!P48 -> 0 | O64: =Decade3!Q48 -> 0 | P64: =SUM(D64,H64,L64) -> 0 | Q64: =SUM(E64,I64,M64) -> 0 | R64: =MAX(F64,J64,N64) -> 0 | S64: =SUM(G64,K64,O64) -> 0
C65: Banikoara | D65: =Decade1!M56 -> 4 | E65: =Decade1!N56 -> 3 | F65: =Decade1!O56 -> 49.8 | G65: =Decade1!P56 -> 119 | H65: =Decade2!M49 -> 5 | I65: =Decade2!N49 -> 0 | J65: =Decade2!O49 -> 19.9 | K65: =Decade2!P49 -> 63.1 | L65: =Decade3!N49 -> 0 | M65: =Decade3!O49 -> 0 | N65: =Decade3!P49 -> 0 | O65: =Decade3!Q49 -> 0 | P65: =SUM(D65,H65,L65) -> 9 | Q65: =SUM(E65,I65,M65) -> 3 | R65: =MAX(F65,J65,N65) -> 49.8 | S65: =SUM(G65,K65,O65) -> 182.1
C66: Bodjecali | D66: =Decade1!M57 -> 2 | E66: =Decade1!N57 -> 1 | F66: =Decade1!O57 -> 39 | G66: =Decade1!P57 -> 43.1 | H66: =Decade2!M50 -> 5 | I66: =Decade2!N50 -> 0 | J66: =Decade2!O50 -> 18.9 | K66: =Decade2!P50 -> 67.9 | L66: =Decade3!N50 -> 0 | M66: =Decade3!O50 -> 0 | N66: =Decade3!P50 -> 0 | O66: =Decade3!Q50 -> 0 | P66: =SUM(D66,H66,L66) -> 7 | Q66: =SUM(E66,I66,M66) -> 1 | R66: =MAX(F66,J66,N66) -> 39 | S66: =SUM(G66,K66,O66) -> 111
C67: Founougo | D67: =Decade1!M58 -> 5 | E67: =Decade1!N58 -> 1 | F67: =Decade1!O58 -> 28.7 | G67: =Decade1!P58 -> 77.2 | H67: =Decade2!M51 -> 4 | I67: =Decade2!N51 -> 1 | J67: =Decade2!O51 -> 34.2 | K67: =Decade2!P51 -> 58.5 | L67: =Decade3!N51 -> 0 | M67: =Decade3!O51 -> 0 | N67: =Decade3!P51 -> 0 | O67: =Decade3!Q51 -> 0 | P67: =SUM(D67,H67,L67) -> 9 | Q67: =SUM(E67,I67,M67) -> 2 | R67: =MAX(F67,J67,N67) -> 34.2 | S67: =SUM(G67,K67,O67) -> 135.7
C68: Guéné | D68: =Decade1!M59 -> 1 | E68: =Decade1!N59 -> 1 | F68: =Decade1!O59 -> 62.3 | G68: =Decade1!P59 -> 62.3 | H68: =Decade2!M52 -> 0 | I68: =Decade2!N52 -> 0 | J68: =Decade2!O52 -> 0 | K68: =Decade2!P52 -> 0 | L68: =Decade3!N52 -> 0 | M68: =Decade3!O52 -> 0 | N68: =Decade3!P52 -> 0 | O68: =Decade3!Q52 -> 0 | P68: =SUM(D68,H68,L68) -> 1 | Q68: =SUM(E68,I68,M68) -> 1 | R68: =MAX(F68,J68,N68) -> 62.3 | S68: =SUM(G68,K68,O68) -> 62.3
C69: Kandi | D69: =Decade1!M60 -> 4 | E69: =Decade1!N60 -> 2 | F69: =Decade1!O60 -> 43.8 | G69: =Decade1!P60 -> 90.1 | H69: =Decade2!M53 -> 6 | I69: =Decade2!N53 -> 2 | J69: =Decade2!O53 -> 34.9 | K69: =Decade2!P53 -> 101.1 | L69: =Decade3!N53 -> 3 | M69: =Decade3!O53 -> 0 | N69: =Decade3!P53 -> 19.4 | O69: =Decade3!Q53 -> 28.6 | P69: =SUM(D69,H69,L69) -> 13 | Q69: =SUM(E69,I69,M69) -> 4 | R69: =MAX(F69,J69,N69) -> 43.8 | S69: =SUM(G69,K69,O69) -> 219.8
C70: Karimama | D70: =Decade1!M61 -> 1 | E70: =Decade1!N61 -> 1 | F70: =Decade1!O61 -> 48.11 | G70: =Decade1!P61 -> 48.11 | H70: =Decade2!M54 -> 3 | I70: =Decade2!N54 -> 2 | J70: =Decade2!O54 -> 29.4 | K70: =Decade2!P54 -> 54.1 | L70: =Decade3!N54 -> 4 | M70: =Decade3!O54 -> 1 | N70: =Decade3!P54 -> 23.4 | O70: =Decade3!Q54 -> 59.9 | P70: =SUM(D70,H70,L70) -> 8 | Q70: =SUM(E70,I70,M70) -> 4 | R70: =MAX(F70,J70,N70) -> 48.11 | S70: =SUM(G70,K70,O70) -> 162.11
C71: Malanville | D71: =Decade1!M62 -> 0 | E71: =Decade1!N62 -> 0 | F71: =Decade1!O62 -> 0 | G71: =Decade1!P62 -> 0 | H71: =Decade2!M55 -> 0 | I71: =Decade2!N55 -> 0 | J71: =Decade2!O55 -> 0 | K71: =Decade2!P55 -> 0 | L71: =Decade3!N55 -> 0 | M71: =Decade3!O55 -> 0 | N71: =Decade3!P55 -> 0 | O71: =Decade3!Q55 -> 0 | P71: =SUM(D71,H71,L71) -> 0 | Q71: =SUM(E71,I71,M71) -> 0 | R71: =MAX(F71,J71,N71) -> 0 | S71: =SUM(G71,K71,O71) -> 0
C72: Ségbana | D72: =Decade1!M63 -> 4 | E72: =Decade1!N63 -> 2 | F72: =Decade1!O63 -> 58.3 | G72: =Decade1!P63 -> 119.2 | H72: =Decade2!M57 -> 5 | I72: =Decade2!N57 -> 1 | J72: =Decade2!O57 -> 27.6 | K72: =Decade2!P57 -> 68.1 | L72: =Decade3!N56 -> 4 | M72: =Decade3!O56 -> 0 | N72: =Decade3!P56 -> 18.5 | O72: =Decade3!Q56 -> 37.5 | P72: =SUM(D72,H72,L72) -> 13 | Q72: =SUM(E72,I72,M72) -> 3 | R72: =MAX(F72,J72,N72) -> 58.3 | S72: =SUM(G72,K72,O72) -> 224.8
C73: Alafiarou | D73: =Decade1!M64 -> 0 | E73: =Decade1!N64 -> 0 | F73: =Decade1!O64 -> 0 | G73: =Decade1!P64 -> 0 | H73: =Decade2!M58 -> 0 | I73: =Decade2!N58 -> 0 | J73: =Decade2!O58 -> 0 | K73: =Decade2!P58 -> 0 | L73: =Decade3!N57 -> 1 | M73: =Decade3!O57 -> 1 | N73: =Decade3!P57 -> 22.2 | O73: =Decade3!Q57 -> 22.2 | P73: =SUM(D73,H73,L73) -> 1 | Q73: =SUM(E73,I73,M73) -> 1 | R73: =MAX(F73,J73,N73) -> 22.2 | S73: =SUM(G73,K73,O73) -> 22.2
C74: Bembèrèkè | D74: =Decade1!M65 -> 3 | E74: =Decade1!N65 -> 1 | F74: =Decade1!O65 -> 23.5 | G74: =Decade1!P65 -> 44.8 | H74: =Decade2!M60 -> 5 | I74: =Decade2!N60 -> 3 | J74: =Decade2!O60 -> 37.3 | K74: =Decade2!P60 -> 120.8 | L74: =Decade3!N58 -> 0 | M74: =Decade3!O58 -> 0 | N74: =Decade3!P58 -> 0 | O74: =Decade3!Q58 -> 0 | P74: =SUM(D74,H74,L74) -> 8 | Q74: =SUM(E74,I74,M74) -> 4 | R74: =MAX(F74,J74,N74) -> 37.3 | S74: =SUM(G74,K74,O74) -> 165.6
C75: Bétérou | D75: =Decade1!M66 -> 3 | E75: =Decade1!N66 -> 0 | F75: =Decade1!O66 -> 15.3 | G75: =Decade1!P66 -> 29.2 | H75: =Decade2!M61 -> 3 | I75: =Decade2!N61 -> 2 | J75: =Decade2!O61 -> 24.2 | K75: =Decade2!P61 -> 51.9 | L75: =Decade3!N59 -> 0 | M75: =Decade3!O59 -> 0 | N75: =Decade3!P59 -> 0 | O75: =Decade3!Q59 -> 0 | P75: =SUM(D75,H75,L75) -> 6 | Q75: =SUM(E75,I75,M75) -> 2 | R75: =MAX(F75,J75,N75) -> 24.2 | S75: =SUM(G75,K75,O75) -> 81.1
C76: INA | D76: =Decade1!M67 -> 3 | E76: =Decade1!N67 -> 0 | F76: =Decade1!O67 -> 13.6 | G76: =Decade1!P67 -> 18.2 | H76: =Decade2!M62 -> 4 | I76: =Decade2!N62 -> 3 | J76: =Decade2!O62 -> 59.6 | K76: =Decade2!P62 -> 135.1 | L76: =Decade3!N60 -> 0 | M76: =Decade3!O60 -> 0 | N76: =Decade3!P60 -> 0 | O76: =Decade3!Q60 -> 0 | P76: =SUM(D76,H76,L76) -> 7 | Q76: =SUM(E76,I76,M76) -> 3 | R76: =MAX(F76,J76,N76) -> 59.6 | S76: =SUM(G76,K76,O76) -> 153.3
C77: Kalalé | D77: =Decade1!M68 -> 5 | E77: =Decade1!N68 -> 0 | F77: =Decade1!O68 -> 18 | G77: =Decade1!P68 -> 47.1 | H77: =Decade2!M63 -> 3 | I77: =Decade2!N63 -> 2 | J77: =Decade2!O63 -> 63.5 | K77: =Decade2!P63 -> 136.5 | L77: =Decade3!N61 -> 0 | M77: =Decade3!O61 -> 0 | N77: =Decade3!P61 -> 0 | O77: =Decade3!Q61 -> 0 | P77: =SUM(D77,H77,L77) -> 8 | Q77: =SUM(E77,I77,M77) -> 2 | R77: =MAX(F77,J77,N77) -> 63.5 | S77: =SUM(G77,K77,O77) -> 183.6
C78: Nikki | D78: =Decade1!M69 -> 4 | E78: =Decade1!N69 -> 0 | F78: =Decade1!O69 -> 16.2 | G78: =Decade1!P69 -> 46.1 | H78: =Decade2!M64 -> 4 | I78: =Decade2!N64 -> 2 | J78: =Decade2!O64 -> 73.2 | K78: =Decade2!P64 -> 123.6 | L78: =Decade3!N62 -> 0 | M78: =Decade3!O62 -> 0 | N78: =Decade3!P62 -> 0 | O78: =Decade3!Q62 -> 0 | P78: =SUM(D78,H78,L78) -> 8 | Q78: =SUM(E78,I78,M78) -> 2 | R78: =MAX(F78,J78,N78) -> 73.2 | S78: =SUM(G78,K78,O78) -> 169.7
C79: Okpara | D79: =Decade1!M70 -> 2 | E79: =Decade1!N70 -> 1 | F79: =Decade1!O70 -> 38.4 | G79: =Decade1!P70 -> 46.4 | H79: =Decade2!M65 -> 0 | I79: =Decade2!N65 -> 0 | J79: =Decade2!O65 -> 0 | K79: =Decade2!P65 -> 0 | L79: =Decade3!N63 -> 0 | M79: =Decade3!O63 -> 0 | N79: =Decade3!P63 -> 0 | O79: =Decade3!Q63 -> 0 | P79: =SUM(D79,H79,L79) -> 2 | Q79: =SUM(E79,I79,M79) -> 1 | R79: =MAX(F79,J79,N79) -> 38.4 | S79: =SUM(G79,K79,O79) -> 46.4
C80: Parakou | D80: =Decade1!M71 -> 5 | E80: =Decade1!N71 -> 1 | F80: =Decade1!O71 -> 34.3 | G80: =Decade1!P71 -> 39.3 | H80: =Decade2!M66 -> 5 | I80: =Decade2!N66 -> 3 | J80: =Decade2!O66 -> 32.2 | K80: =Decade2!P66 -> 86.7 | L80: =Decade3!N64 -> 0 | M80: =Decade3!O64 -> 0 | N80: =Decade3!P64 -> 0 | O80: =Decade3!Q64 -> 0 | P80: =SUM(D80,H80,L80) -> 10 | Q80: =SUM(E80,I80,M80) -> 4 | R80: =MAX(F80,J80,N80) -> 34.3 | S80: =SUM(G80,K80,O80) -> 126
C81: Tchaourou | D81: =Decade1!M72 -> 2 | E81: =Decade1!N72 -> 1 | F81: =Decade1!O72 -> 44.1 | G81: =Decade1!P72 -> 50.4 | H81: =Decade2!M68 -> 3 | I81: =Decade2!N68 -> 2 | J81: =Decade2!O68 -> 43.3 | K81: =Decade2!P68 -> 82.6 | L81: =Decade3!N65 -> 0 | M81: =Decade3!O65 -> 0 | N81: =Decade3!P65 -> 0 | O81: =Decade3!Q65 -> 0 | P81: =SUM(D81,H81,L81) -> 5 | Q81: =SUM(E81,I81,M81) -> 3 | R81: =MAX(F81,J81,N81) -> 44.1 | S81: =SUM(G81,K81,O81) -> 133
C82: Alafiarou Nouveau | D82: =Decade1!M73 -> 5 | E82: =Decade1!N73 -> 0 | F82: =Decade1!O73 -> 10.3 | G82: =Decade1!P73 -> 30.9 | H82: =Decade2!M69 -> 0 | I82: =Decade2!N69 -> 0 | J82: =Decade2!O69 -> 0 | K82: =Decade2!P69 -> 0 | L82: =Decade3!N66 -> 0 | M82: =Decade3!O66 -> 0 | N82: =Decade3!P66 -> 0 | O82: =Decade3!Q66 -> 0 | P82: =SUM(D82,H82,L82) -> 5 | Q82: =SUM(E82,I82,M82) -> 0 | R82: =MAX(F82,J82,N82) -> 10.3 | S82: =SUM(G82,K82,O82) -> 30.9
C83: Tourou | D83: =Decade1!M74 -> 0 | E83: =Decade1!N74 -> 0 | F83: =Decade1!O74 -> 0 | G83: =Decade1!P74 -> 0 | H83: =Decade2!M70 -> 0 | I83: =Decade2!N70 -> 0 | J83: =Decade2!O70 -> 0 | K83: =Decade2!P70 -> 0 | L83: =Decade3!N67 -> 0 | M83: =Decade3!O67 -> 0 | N83: =Decade3!P67 -> 0 | O83: =Decade3!Q67 -> 0 | P83: =SUM(D83,H83,L83) -> 0 | Q83: =SUM(E83,I83,M83) -> 0 | R83: =MAX(F83,J83,N83) -> 0 | S83: =SUM(G83,K83,O83) -> 0
C84: Sanson | D84: =Decade1!M75 -> 0 | E84: =Decade1!N75 -> 0 | F84: =Decade1!O75 -> 0 | G84: =Decade1!P75 -> 0 | H84: =Decade2!M71 -> 0 | I84: =Decade2!N71 -> 0 | J84: =Decade2!O71 -> 0 | K84: =Decade2!P71 -> 0 | L84: =Decade3!N68 -> 0 | M84: =Decade3!O68 -> 0 | N84: =Decade3!P68 -> 0 | O84: =Decade3!Q68 -> 0 | P84: =SUM(D84,H84,L84) -> 0 | Q84: =SUM(E84,I84,M84) -> 0 | R84: =MAX(F84,J84,N84) -> 0 | S84: =SUM(G84,K84,O84) -> 0
C85: Tchaourou-Centre | D85: =Decade1!M76 -> 0 | E85: =Decade1!N76 -> 0 | F85: =Decade1!O76 -> 0 | G85: =Decade1!P76 -> 0 | H85: =Decade2!M72 -> 0 | I85: =Decade2!N72 -> 0 | J85: =Decade2!O72 -> 0 | K85: =Decade2!P72 -> 0 | L85: =Decade3!N69 -> 0 | M85: =Decade3!O69 -> 0 | N85: =Decade3!P69 -> 0 | O85: =Decade3!Q69 -> 0 | P85: =SUM(D85,H85,L85) -> 0 | Q85: =SUM(E85,I85,M85) -> 0 | R85: =MAX(F85,J85,N85) -> 0 | S85: =SUM(G85,K85,O85) -> 0
B86: LEGENDE: NbJP= nombre de jours de pluie
B89: REPUBLIQUE DU BENIN
B90: MINISTERE DES TRAVAUX PUBLICS ET DES TRANSPORTS
B91: DIRECTION NATIONALE DE LA METEOROLOGIE
B92: DEPARTEMENTS | C92: LOCALITES | D92: =D35 -> CUMUL PLUVIOMETRIQUE MENSUEL: AOUT 2024
D93: 1ère décade | H93: 2ème décade | L93: 3ème décade | P93: Total
D94: NbJP | E94: NbJP > 20 mm | F94: Max | G94: Total (mm) | H94: NbJP | I94: NbJP > 20 mm | J94: Max | K94: Total (mm) | L94: NbJP | M94: NbJP > 20 mm | N94: Max | O94: Total (mm) | P94: NbJP | Q94: NbJP > 20 mm | R94: Max | S94: Total (mm)
B95: MONO - COUFFO | C95: Aplahoué | D95: =Decade1!M85 -> 0 | E95: =Decade1!N85 -> 0 | F95: =Decade1!O85 -> 0 | G95: =Decade1!P85 -> 0 | H95: =Decade2!M78 -> 0 | I95: =Decade2!N78 -> 0 | J95: =Decade2!O78 -> 0 | K95: =Decade2!P78 -> 0 | L95: =Decade3!N75 -> 0 | M95: =Decade3!O75 -> 0 | N95: =Decade3!P75 -> 0 | O95: =Decade3!Q75 -> 0 | P95: =SUM(D95,H95,L95) -> 0 | Q95: =SUM(E95,I95,M95) -> 0 | R95: =MAX(F95,J95,N95) -> 0 | S95: =SUM(G95,K95,O95) -> 0
C96: Dogbo-Tota | D96: =Decade1!M86 -> 1 | E96: =Decade1!N86 -> 0 | F96: =Decade1!O86 -> 0.2 | G96: =Decade1!P86 -> 0.2 | H96: =Decade2!M79 -> 0 | I96: =Decade2!N79 -> 0 | J96: =Decade2!O79 -> 0 | K96: =Decade2!P79 -> 0 | L96: =Decade3!N76 -> 0 | M96: =Decade3!O76 -> 0 | N96: =Decade3!P76 -> 0 | O96: =Decade3!Q76 -> 0 | P96: =SUM(D96,H96,L96) -> 1 | Q96: =SUM(E96,I96,M96) -> 0 | R96: =MAX(F96,J96,N96) -> 0.2 | S96: =SUM(G96,K96,O96) -> 0.2
C97: Klouekanmey | D97: =Decade1!M87 -> 0 | E97: =Decade1!N87 -> 0 | F97: =Decade1!O87 -> 0 | G97: =Decade1!P87 -> 0 | H97: =Decade2!M80 -> 0 | I97: =Decade2!N80 -> 0 | J97: =Decade2!O80 -> 0 | K97: =Decade2!P80 -> 0 | L97: =Decade3!N77 -> 0 | M97: =Decade3!O77 -> 0 | N97: =Decade3!P77 -> 0 | O97: =Decade3!Q77 -> 0 | P97: =SUM(D97,H97,L97) -> 0 | Q97: =SUM(E97,I97,M97) -> 0 | R97: =MAX(F97,J97,N97) -> 0 | S97: =SUM(G97,K97,O97) -> 0
C98: Lonkly | D98: =Decade1!M88 -> 0 | E98: =Decade1!N88 -> 0 | F98: =Decade1!O88 -> 0 | G98: =Decade1!P88 -> 0 | H98: =Decade2!M81 -> 0 | I98: =Decade2!N81 -> 0 | J98: =Decade2!O81 -> 0 | K98: =Decade2!P81 -> 0 | L98: =Decade3!N78 -> 0 | M98: =Decade3!O78 -> 0 | N98: =Decade3!P78 -> 0 | O98: =Decade3!Q78 -> 0 | P98: =SUM(D98,H98,L98) -> 0 | Q98: =SUM(E98,I98,M98) -> 0 | R98: =MAX(F98,J98,N98) -> 0 | S98: =SUM(G98,K98,O98) -> 0
C99: Atomey | D99: =Decade1!M89 -> 0 | E99: =Decade1!N89 -> 0 | F99: =Decade1!O89 -> 0 | G99: =Decade1!P89 -> 0 | H99: =Decade2!M82 -> 0 | I99: =Decade2!N82 -> 0 | J99: =Decade2!O82 -> 0 | K99: =Decade2!P82 -> 0 | L99: =Decade3!N79 -> 0 | M99: =Decade3!O79 -> 0 | N99: =Decade3!P79 -> 0 | O99: =Decade3!Q79 -> 0 | P99: =SUM(D99,H99,L99) -> 0 | Q99: =SUM(E99,I99,M99) -> 0 | R99: =MAX(F99,J99,N99) -> 0 | S99: =SUM(G99,K99,O99) -> 0
C100: Voly | D100: =Decade1!M90 -> 0 | E100: =Decade1!N90 -> 0 | F100: =Decade1!O90 -> 0 | G100: =Decade1!P90 -> 0 | H100: =Decade2!M83 -> 0 | I100: =Decade2!N83 -> 0 | J100: =Decade2!O83 -> 0 | K100: =Decade2!P83 -> 0 | L100: =Decade3!N80 -> 0 | M100: =Decade3!O80 -> 0 | N100: =Decade3!P80 -> 0 | O100: =Decade3!Q80 -> 0 | P100: =SUM(D100,H100,L100) -> 0 | Q100: =SUM(E100,I100,M100) -> 0 | R100: =MAX(F100,J100,N100) -> 0 | S100: =SUM(G100,K100,O100) -> 0
C101: Athiémé | D101: =Decade1!M91 -> 0 | E101: =Decade1!N91 -> 0 | F101: =Decade1!O91 -> 0 | G101: =Decade1!P91 -> 0 | H101: =Decade2!M84 -> 3 | I101: =Decade2!N84 -> 0 | J101: =Decade2!O84 -> 0.7 | K101: =Decade2!P84 -> 1.6 | L101: =Decade3!N81 -> 0 | M101: =Decade3!O81 -> 0 | N101: =Decade3!P81 -> 0 | O101: =Decade3!Q81 -> 0 | P101: =SUM(D101,H101,L101) -> 3 | Q101: =SUM(E101,I101,M101) -> 0 | R101: =MAX(F101,J101,N101) -> 0.7 | S101: =SUM(G101,K101,O101) -> 1.6
C102: Bopa | D102: =Decade1!M92 -> 0 | E102: =Decade1!N92 -> 0 | F102: =Decade1!O92 -> 0 | G102: =Decade1!P92 -> 0 | H102: =Decade2!M85 -> 0 | I102: =Decade2!N85 -> 0 | J102: =Decade2!O85 -> 0 | K102: =Decade2!P85 -> 0 | L102: =Decade3!N82 -> 0 | M102: =Decade3!O82 -> 0 | N102: =Decade3!P82 -> 0 | O102: =Decade3!Q82 -> 0 | P102: =SUM(D102,H102,L102) -> 0 | Q102: =SUM(E102,I102,M102) -> 0 | R102: =MAX(F102,J102,N102) -> 0 | S102: =SUM(G102,K102,O102) -> 0
C103: Comè | D103: =Decade1!M93 -> 0 | E103: =Decade1!N93 -> 0 | F103: =Decade1!O93 -> 0 | G103: =Decade1!P93 -> 0 | H103: =Decade2!M86 -> 0 | I103: =Decade2!N86 -> 0 | J103: =Decade2!O86 -> 0 | K103: =Decade2!P86 -> 0 | L103: =Decade3!N83 -> 0 | M103: =Decade3!O83 -> 0 | N103: =Decade3!P83 -> 0 | O103: =Decade3!Q83 -> 0 | P103: =SUM(D103,H103,L103) -> 0 | Q103: =SUM(E103,I103,M103) -> 0 | R103: =MAX(F103,J103,N103) -> 0 | S103: =SUM(G103,K103,O103) -> 0
C104: Grand-popo | D104: =Decade1!M94 -> 0 | E104: =Decade1!N94 -> 0 | F104: =Decade1!O94 -> 0 | G104: =Decade1!P94 -> 0 | H104: =Decade2!M87 -> 0 | I104: =Decade2!N87 -> 0 | J104: =Decade2!O87 -> 0 | K104: =Decade2!P87 -> 0 | L104: =Decade3!N84 -> 0 | M104: =Decade3!O84 -> 0 | N104: =Decade3!P84 -> 0 | O104: =Decade3!Q84 -> 0 | P104: =SUM(D104,H104,L104) -> 0 | Q104: =SUM(E104,I104,M104) -> 0 | R104: =MAX(F104,J104,N104) -> 0 | S104: =SUM(G104,K104,O104) -> 0
C105: Houin-Agamè | D105: =Decade1!M95 -> 2 | E105: =Decade1!N95 -> 0 | F105: =Decade1!O95 -> 2.3 | G105: =Decade1!P95 -> 2.7 | H105: =Decade2!M88 -> 0 | I105: =Decade2!N88 -> 0 | J105: =Decade2!O88 -> 0 | K105: =Decade2!P88 -> 0 | L105: =Decade3!N85 -> 0 | M105: =Decade3!O85 -> 0 | N105: =Decade3!P85 -> 0 | O105: =Decade3!Q85 -> 0 | P105: =SUM(D105,H105,L105) -> 2 | Q105: =SUM(E105,I105,M105) -> 0 | R105: =MAX(F105,J105,N105) -> 2.3 | S105: =SUM(G105,K105,O105) -> 2.7
C106: Kpinnou | D106: =Decade1!M96 -> 0 | E106: =Decade1!N96 -> 0 | F106: =Decade1!O96 -> 0 | G106: =Decade1!P96 -> 0 | H106: =Decade2!M89 -> 0 | I106: =Decade2!N89 -> 0 | J106: =Decade2!O89 -> 0 | K106: =Decade2!P89 -> 0 | L106: =Decade3!N86 -> 0 | M106: =Decade3!O86 -> 0 | N106: =Decade3!P86 -> 0 | O106: =Decade3!Q86 -> 0 | P106: =SUM(D106,H106,L106) -> 0 | Q106: =SUM(E106,I106,M106) -> 0 | R106: =MAX(F106,J106,N106) -> 0 | S106: =SUM(G106,K106,O106) -> 0
C107: Lokossa | D107: =Decade1!M97 -> 1 | E107: =Decade1!N97 -> 0 | F107: =Decade1!O97 -> 0.3 | G107: =Decade1!P97 -> 0.3 | H107: =Decade2!M90 -> 0 | I107: =Decade2!N90 -> 0 | J107: =Decade2!O90 -> 0 | K107: =Decade2!P90 -> 0 | L107: =Decade3!N87 -> 0 | M107: =Decade3!O87 -> 0 | N107: =Decade3!P87 -> 0 | O107: =Decade3!Q87 -> 0 | P107: =SUM(D107,H107,L107) -> 1 | Q107: =SUM(E107,I107,M107) -> 0 | R107: =MAX(F107,J107,N107) -> 0.3 | S107: =SUM(G107,K107,O107) -> 0.3
... C111: Sehomi | D111: =Decade1!M101 -> 0 | E111: =Decade1!N101 -> 0 | F111: =Decade1!O101 -> 0 | G111: =Decade1!P101 -> 0 | H111: =Decade2!M94 -> 0 | I111: =Decade2!N94 -> 0 | J111: =Decade2!O94 -> 0 | K111: =Decade2!P94 -> 0 | L111: =Decade3!N91 -> 1 | M111: =Decade3!O91 -> 0 | N111: =Decade3!P91 -> 7.4 | O111: =Decade3!Q91 -> 7.4 | P111: =SUM(D111,H111,L111) -> 1 | Q111: =SUM(E111,I111,M111) -> 0 | R111: =MAX(F111,J111,N111) -> 7.4 | S111: =SUM(G111,K111,O111) -> 7.4
B113: LEGENDE: NbJP= nombre de jours de pluie
B123: REPUBLIQUE DU BENIN
B124: MINISTERE DES TRAVAUX PUBLICS ET DES TRANSPORTS
B125: DIRECTION NATIONALE DE LA METEOROLOGIE
B126: DEPARTEMENTS | C126: LOCALITES | D126: =D35 -> CUMUL PLUVIOMETRIQUE MENSUEL: AOUT 2024
D127: 1ère décade | H127: 2ème décade | L127: 3ème décade | P127: Total
D128: NbJP | E128: NbJP > 20 mm | F128: Max | G128: Total (mm) | H128: NbJP | I128: NbJP > 20 mm | J128: Max | K128: Total (mm) | L128: NbJP | M128: NbJP > 20 mm | N128: Max | O128: Total (mm) | P128: NbJP | Q128: NbJP > 20 mm | R128: Max | S128: Total (mm)
...
